titolo_opera_iteatrire,opera_id,wikidata_uri_iteatrire,persona_nome,persona_id
I Capuleti e i Montecchi,69313,https://www.wikidata.org/wiki/Q1071307,"Bellini, Vincenzo",9582
I Capuleti e i Montecchi,69313,https://www.wikidata.org/wiki/Q1071307,"Romani, Felice",9648
Norma,69314,https://www.wikidata.org/wiki/Q320353,"Bellini, Vincenzo",9582
Norma,69314,https://www.wikidata.org/wiki/Q320353,"Romani, Felice",9648
I puritani,69315,https://www.wikidata.org/wiki/Q470886,"Bellini, Vincenzo",9582
I puritani,69315,https://www.wikidata.org/wiki/Q470886,"Pepoli, Carlo",9649
La sonnambula,69316,https://www.wikidata.org/wiki/Q753123,"Bellini, Vincenzo",9582
La sonnambula,69316,https://www.wikidata.org/wiki/Q753123,"Romani, Felice",9648
Wozzeck,69317,https://www.wikidata.org/wiki/Q45784,"Berg, Alban",34031
Wozzeck,69317,https://www.wikidata.org/wiki/Q45784,"Büchner, Georg",11266
Carmen,69318,https://www.wikidata.org/wiki/Q185968,"Bizet, Georges",9584
Carmen,69318,https://www.wikidata.org/wiki/Q185968,"Meilhac, Henri",9696
Carmen,69318,https://www.wikidata.org/wiki/Q185968,"Halévy, Ludovic",9865
Carmen,69318,https://www.wikidata.org/wiki/Q185968,"Mérimée, Prosper",13350
The Pearl Fishers,69319,https://www.wikidata.org/wiki/Q56159,"Bizet, Georges",9584
The Pearl Fishers,69319,https://www.wikidata.org/wiki/Q56159,"Cormon, Eugène",9700
The Pearl Fishers,69319,https://www.wikidata.org/wiki/Q56159,"Carré, Michel",9701
Albert Herring,69320,https://www.wikidata.org/wiki/Q577825,"Britten, Benjamin",31624
Albert Herring,69320,https://www.wikidata.org/wiki/Q577825,"Crozier, Eric",9704
Eugene Onegin,69321,https://www.wikidata.org/wiki/Q50956,"Čajkovskij, Pëtr Il'ič",9588
Eugene Onegin,69321,https://www.wikidata.org/wiki/Q50956,"Puškin, Aleksandr Sergeevic",10602
The Queen of Spades,69322,https://www.wikidata.org/wiki/Q221047,"Čajkovskij, Pëtr Il'ič",9588
The Queen of Spades,69322,https://www.wikidata.org/wiki/Q221047,"Čajkovskij, Modest Ilʹič",34024
The Queen of Spades,69322,https://www.wikidata.org/wiki/Q221047,"Puškin, Aleksandr Sergeevic",10602
La Wally,69323,https://www.wikidata.org/wiki/Q654861,"Catalani, Alfredo",9589
La Wally,69323,https://www.wikidata.org/wiki/Q654861,"Illica, Luigi",9710
Adriana Lecouvreur,69324,https://www.wikidata.org/wiki/Q375063,"Cilea, Francesco",9592
Adriana Lecouvreur,69324,https://www.wikidata.org/wiki/Q375063,"Colautti, Arturo",9725
Adriana Lecouvreur,69324,https://www.wikidata.org/wiki/Q375063,"Scribe, Eugène",9644
L'Arlesiana,69325,https://www.wikidata.org/wiki/Q2288398,"Cilea, Francesco",9592
L'Arlesiana,69325,https://www.wikidata.org/wiki/Q2288398,"Marenco, Leopoldo",9727
L'Arlesiana,69325,https://www.wikidata.org/wiki/Q2288398,"Daudet, Alphonse",9695
Il maestro di cappella,69326,https://www.wikidata.org/wiki/Q11926491,"Cimarosa, Domenico",9593
Don Pasquale,69327,https://www.wikidata.org/wiki/Q723941,"Donizetti, Gaetano",9596
Don Pasquale,69327,https://www.wikidata.org/wiki/Q723941,"Ruffini, Giovanni",9748
Don Pasquale,69327,https://www.wikidata.org/wiki/Q723941,"Anelli, Angelo",9942
L'elisir d'amore,69328,https://www.wikidata.org/wiki/Q332536,"Donizetti, Gaetano",9596
La favorite,69329,https://www.wikidata.org/wiki/Q467394,"Donizetti, Gaetano",9596
La Fille du régiment,69330,https://www.wikidata.org/wiki/Q729568,"Donizetti, Gaetano",9596
La Fille du régiment,69330,https://www.wikidata.org/wiki/Q729568,"Vernoy de Saint-Georges, Jules-Henry",9755
La Fille du régiment,69330,https://www.wikidata.org/wiki/Q729568,"Bayard, Jean-François-Alfred",9756
Lucia di Lammermoor,69331,https://www.wikidata.org/wiki/Q244209,"Donizetti, Gaetano",9596
Lucia di Lammermoor,69331,https://www.wikidata.org/wiki/Q244209,"Cammarano, Salvatore",9742
Lucia di Lammermoor,69331,https://www.wikidata.org/wiki/Q244209,"Scott, Walter",12698
Maria Stuarda,69332,https://www.wikidata.org/wiki/Q377685,"Donizetti, Gaetano",9596
Maria Stuarda,69332,https://www.wikidata.org/wiki/Q377685,"Bardari, Giuseppe",33951
Maria Stuarda,69332,https://www.wikidata.org/wiki/Q377685,"Schiller, Friedrich",10630
Martha,69334,https://www.wikidata.org/wiki/Q168488,"Flotow, Friedrich von",9597
Martha,69334,https://www.wikidata.org/wiki/Q168488,"Friedrich, Wilhelm",9774
Porgy and Bess,69335,https://www.wikidata.org/wiki/Q740920,"Gershwin, George",9598
Porgy and Bess,69335,https://www.wikidata.org/wiki/Q740920,"Heyward, Du Bose",9778
Porgy and Bess,69335,https://www.wikidata.org/wiki/Q740920,"Gershwin, Ira",9779
Andrea Chénier,69336,https://www.wikidata.org/wiki/Q493656,"Giordano, Umberto",9599
Andrea Chénier,69336,https://www.wikidata.org/wiki/Q493656,"Illica, Luigi",9710
Ruslan and Lyudmila,69337,https://www.wikidata.org/wiki/Q522408,"Glinka, Mikhail",9600
Ruslan and Lyudmila,69337,https://www.wikidata.org/wiki/Q522408,"Sirkov, Valerian Fëdorovic",16305
Ruslan and Lyudmila,69337,https://www.wikidata.org/wiki/Q522408,"Puškin, Aleksandr Sergeevic",10602
Orfeo ed Euridice,69338,https://www.wikidata.org/wiki/Q723776,"Gluck, Christoph Willibald",9601
Orfeo ed Euridice,69338,https://www.wikidata.org/wiki/Q723776,"Calzabigi, Ranieri de'",9788
Romeo and Juliet,69339,https://www.wikidata.org/wiki/Q911487,"Gounod, Charles",9602
Romeo and Juliet,69339,https://www.wikidata.org/wiki/Q911487,"Carré, Michel",9701
Romeo and Juliet,69339,https://www.wikidata.org/wiki/Q911487,"Barbier, Jules",9796
Romeo and Juliet,69339,https://www.wikidata.org/wiki/Q911487,"Shakespeare, William",10325
Acis and Galatea,69340,https://www.wikidata.org/wiki/Q341482,"Händel, Georg Friedrich",9603
Acis and Galatea,69340,https://www.wikidata.org/wiki/Q341482,"Gay, John",9798
Alcina,69341,https://www.wikidata.org/wiki/Q275627,"Händel, Georg Friedrich",9603
Alcina,69341,https://www.wikidata.org/wiki/Q275627,"Fanzaglia, Antonio",16307
Alcina,69341,https://www.wikidata.org/wiki/Q275627,"Ariosto, Ludovico",16308
Giulio Cesare in Egitto,69342,https://www.wikidata.org/wiki/Q875563,"Händel, Georg Friedrich",9603
Giulio Cesare in Egitto,69342,https://www.wikidata.org/wiki/Q875563,"Haym, Nicola Francesco",9800
Giulio Cesare in Egitto,69342,https://www.wikidata.org/wiki/Q875563,"Bussani, Giacomo Francesco",9799
L'amico Fritz,69345,https://www.wikidata.org/wiki/Q578706,"Mascagni, Pietro",9611
L'amico Fritz,69345,https://www.wikidata.org/wiki/Q578706,"Daspuro, Nicola",9817
Le maschere,69346,https://www.wikidata.org/wiki/Q238785,"Mascagni, Pietro",9611
Le maschere,69346,https://www.wikidata.org/wiki/Q238785,"Illica, Luigi",9710
Manon,69347,https://www.wikidata.org/wiki/Q842063,"Massenet, Jules",9612
Manon,69347,https://www.wikidata.org/wiki/Q842063,"Meilhac, Henri",9696
Manon,69347,https://www.wikidata.org/wiki/Q842063,"Gille, Philippe",9735
Manon,69347,https://www.wikidata.org/wiki/Q842063,"Prévost, Antoine-François",14425
Werther,69348,https://www.wikidata.org/wiki/Q926468,"Massenet, Jules",9612
Werther,69348,https://www.wikidata.org/wiki/Q926468,"Milliet, Paul",9829
Werther,69348,https://www.wikidata.org/wiki/Q926468,"Blau, Édouard",9831
Werther,69348,https://www.wikidata.org/wiki/Q926468,"Hartmann, Georges",9832
L'incoronazione di Poppea,69349,https://www.wikidata.org/wiki/Q615522,"Monteverdi, Claudio",9617
L'incoronazione di Poppea,69349,https://www.wikidata.org/wiki/Q615522,"Busenello, Giovanni Francesco",9845
Così fan tutte,69351,https://www.wikidata.org/wiki/Q207410,"Mozart, Wolfgang Amadeus",9618
Così fan tutte,69351,https://www.wikidata.org/wiki/Q207410,"Da Ponte, Lorenzo",9849
Don Giovanni,69352,https://www.wikidata.org/wiki/Q192039,"Mozart, Wolfgang Amadeus",9618
Don Giovanni,69352,https://www.wikidata.org/wiki/Q192039,"Da Ponte, Lorenzo",9849
Die Entführung aus dem Serail,69353,https://www.wikidata.org/wiki/Q210711,"Mozart, Wolfgang Amadeus",9618
Die Entführung aus dem Serail,69353,https://www.wikidata.org/wiki/Q210711,"Stephanie, Johann Gottlob",9851
Idomeneo,69354,https://www.wikidata.org/wiki/Q723559,"Mozart, Wolfgang Amadeus",9618
Idomeneo,69354,https://www.wikidata.org/wiki/Q723559,"Varesco, Giambattista",9853
The Marriage of Figaro,69355,https://www.wikidata.org/wiki/Q201873,"Mozart, Wolfgang Amadeus",9618
The Marriage of Figaro,69355,https://www.wikidata.org/wiki/Q201873,"Da Ponte, Lorenzo",9849
The Magic Flute,69357,https://www.wikidata.org/wiki/Q5064,"Mozart, Wolfgang Amadeus",9618
The Magic Flute,69357,https://www.wikidata.org/wiki/Q5064,"Schikaneder, Emanuel Johann Joseph",9856
Boris Godunov,69358,https://www.wikidata.org/wiki/Q386846,"Musorgskij, Modest",9619
Boris Godunov,69358,https://www.wikidata.org/wiki/Q386846,"Puškin, Aleksandr Sergeevic",10602
The Merry Wives of Windsor,69360,https://www.wikidata.org/wiki/Q615663,"Nicolai, Otto",9620
The Merry Wives of Windsor,69360,https://www.wikidata.org/wiki/Q615663,"Mosenthal, Salomon Hermann von",9793
Saffo,69363,https://www.wikidata.org/wiki/Q2211491,"Pacini, Giovanni",9622
Saffo,69363,https://www.wikidata.org/wiki/Q2211491,"Cammarano, Salvatore",9742
La serva padrona,69364,https://www.wikidata.org/wiki/Q378237,"Pergolesi, Giovanni Battista",9624
La serva padrona,69364,https://www.wikidata.org/wiki/Q378237,"Federico, Gennaro Antonio",9871
La bohème,69366,https://www.wikidata.org/wiki/Q984983,"Puccini, Giacomo",9628
La bohème,69366,https://www.wikidata.org/wiki/Q984983,"Illica, Luigi",9710
La bohème,69366,https://www.wikidata.org/wiki/Q984983,"Giacosa, Giuseppe",9881
La bohème,69366,https://www.wikidata.org/wiki/Q984983,"Murger, Henry",21219
Boléro,69367,https://www.wikidata.org/wiki/Q327331,"Ravel, Maurice",9631
La fanciulla del West,69370,https://www.wikidata.org/wiki/Q460319,"Puccini, Giacomo",9628
La fanciulla del West,69370,https://www.wikidata.org/wiki/Q460319,"Civinini, Guelfo",9889
La fanciulla del West,69370,https://www.wikidata.org/wiki/Q460319,"Zangarini, Carlo",9890
La fanciulla del West,69370,https://www.wikidata.org/wiki/Q460319,"Belasco, David",16296
Madama Butterfly,69371,https://www.wikidata.org/wiki/Q19005,"Puccini, Giacomo",9628
Madama Butterfly,69371,https://www.wikidata.org/wiki/Q19005,"Illica, Luigi",9710
Madama Butterfly,69371,https://www.wikidata.org/wiki/Q19005,"Giacosa, Giuseppe",9881
Madama Butterfly,69371,https://www.wikidata.org/wiki/Q19005,"Belasco, David",16296
Manon Lescaut,69373,https://www.wikidata.org/wiki/Q459341,"Puccini, Giacomo",9628
Manon Lescaut,69373,https://www.wikidata.org/wiki/Q459341,"Leoncavallo, Ruggero",9608
Manon Lescaut,69373,https://www.wikidata.org/wiki/Q459341,"Illica, Luigi",9710
Manon Lescaut,69373,https://www.wikidata.org/wiki/Q459341,"Giacosa, Giuseppe",9881
Manon Lescaut,69373,https://www.wikidata.org/wiki/Q459341,"Oliva, Domenico",14427
Manon Lescaut,69373,https://www.wikidata.org/wiki/Q459341,"Ricordi, Giulio",14428
Manon Lescaut,69373,https://www.wikidata.org/wiki/Q459341,"Prévost, Antoine-François",14425
Tosca,69374,https://www.wikidata.org/wiki/Q192941,"Puccini, Giacomo",9628
Tosca,69374,https://www.wikidata.org/wiki/Q192941,"Illica, Luigi",9710
Tosca,69374,https://www.wikidata.org/wiki/Q192941,"Giacosa, Giuseppe",9881
Tosca,69374,https://www.wikidata.org/wiki/Q192941,"Sardou, Victorien",15844
Turandot,69375,https://www.wikidata.org/wiki/Q207990,"Puccini, Giacomo",9628
Turandot,69375,https://www.wikidata.org/wiki/Q207990,"Simoni, Renato",9785
Turandot,69375,https://www.wikidata.org/wiki/Q207990,"Adami, Giuseppe",9895
Turandot,69375,https://www.wikidata.org/wiki/Q207990,"Gozzi, Carlo",13667
Le Villi,69376,https://www.wikidata.org/wiki/Q845606,"Puccini, Giacomo",9628
Le Villi,69376,https://www.wikidata.org/wiki/Q845606,"Fontana, Ferdinando",9888
Dido and Aeneas,69377,https://www.wikidata.org/wiki/Q746646,"Purcell, Henry",9629
Dido and Aeneas,69377,https://www.wikidata.org/wiki/Q746646,"Tate, Nahum",9900
Hippolyte et Aricie,69378,https://www.wikidata.org/wiki/Q1376211,"Rameau, Jean-Philippe",9630
Hippolyte et Aricie,69378,https://www.wikidata.org/wiki/Q1376211,"Pellegrin, Simon-Joseph",9903
The Firebird,69381,https://www.wikidata.org/wiki/Q844790,"Stravinskij, Igor'",9640
Armida,69388,https://www.wikidata.org/wiki/Q777578,"Rossini, Gioachino",9633
Armida,69388,https://www.wikidata.org/wiki/Q777578,"Schmidt, Giovanni",9913
The Barber of Seville,69389,https://www.wikidata.org/wiki/Q208659,"Rossini, Gioachino",9633
The Barber of Seville,69389,https://www.wikidata.org/wiki/Q208659,"Sterbini, Cesare",9918
La cambiale di matrimonio,69390,https://www.wikidata.org/wiki/Q264154,"Rossini, Gioachino",9633
La cambiale di matrimonio,69390,https://www.wikidata.org/wiki/Q264154,"Rossi, Gaetano",9757
Ave Maria,69392,https://www.wikidata.org/wiki/Q15982418,"Schubert, Franz",9872
Aida,69394,https://www.wikidata.org/wiki/Q171277,"Verdi, Giuseppe",9641
Aida,69394,https://www.wikidata.org/wiki/Q171277,"Ghislanzoni, Antonio",9794
Aida,69394,https://www.wikidata.org/wiki/Q171277,"Mariette, Auguste-Ferdinand-François",16284
La donna del lago,69415,https://www.wikidata.org/wiki/Q220699,"Rossini, Gioachino",9633
La donna del lago,69415,https://www.wikidata.org/wiki/Q220699,"Tottola, Leone Andrea",9932
La gazza ladra,69416,https://www.wikidata.org/wiki/Q472318,"Rossini, Gioachino",9633
La gazza ladra,69416,https://www.wikidata.org/wiki/Q472318,"Gherardini, Giovanni",9933
William Tell,69417,https://www.wikidata.org/wiki/Q729659,"Rossini, Gioachino",9633
William Tell,69417,https://www.wikidata.org/wiki/Q729659,"Jouy, Victor-Joseph Étienne de",9714
William Tell,69417,https://www.wikidata.org/wiki/Q729659,"Bis, Hippolyte-Louis-Florent",9940
L'inganno felice,69418,https://www.wikidata.org/wiki/Q1051191,"Rossini, Gioachino",9633
L'inganno felice,69418,https://www.wikidata.org/wiki/Q1051191,"Foppa, Giuseppe Maria",9941
L'italiana in Algeri,69419,https://www.wikidata.org/wiki/Q589932,"Rossini, Gioachino",9633
L'italiana in Algeri,69419,https://www.wikidata.org/wiki/Q589932,"Anelli, Angelo",9942
La scala di seta,69421,https://www.wikidata.org/wiki/Q471330,"Rossini, Gioachino",9633
La scala di seta,69421,https://www.wikidata.org/wiki/Q471330,"Foppa, Giuseppe Maria",9941
Il trovatore,69423,https://www.wikidata.org/wiki/Q203470,"Verdi, Giuseppe",9641
Il trovatore,69423,https://www.wikidata.org/wiki/Q203470,"Cammarano, Salvatore",9742
Il trovatore,69423,https://www.wikidata.org/wiki/Q203470,"Gutiérrez, Antonio García",16294
Otello,69424,https://www.wikidata.org/wiki/Q172324,"Verdi, Giuseppe",9641
Otello,69424,https://www.wikidata.org/wiki/Q172324,"Boito, Arrigo",9585
Otello,69424,https://www.wikidata.org/wiki/Q172324,"Shakespeare, William",10325
Falstaff,69425,https://www.wikidata.org/wiki/Q318455,"Verdi, Giuseppe",9641
Falstaff,69425,https://www.wikidata.org/wiki/Q318455,"Boito, Arrigo",9585
Falstaff,69425,https://www.wikidata.org/wiki/Q318455,"Shakespeare, William",10325
Tancredi,69429,https://www.wikidata.org/wiki/Q911443,"Rossini, Gioachino",9633
Tancredi,69429,https://www.wikidata.org/wiki/Q911443,"Rossi, Gaetano",9757
Il turco in Italia,69430,https://www.wikidata.org/wiki/Q477643,"Rossini, Gioachino",9633
Il turco in Italia,69430,https://www.wikidata.org/wiki/Q477643,"Romani, Felice",9648
Samson and Delilah,69431,https://www.wikidata.org/wiki/Q753152,"Saint-Saëns, Camille",31664
Samson and Delilah,69431,https://www.wikidata.org/wiki/Q753152,"Lemaire, Ferdinand",9947
Alzira,69434,https://www.wikidata.org/wiki/Q450801,"Verdi, Giuseppe",9641
Alzira,69434,https://www.wikidata.org/wiki/Q450801,"Cammarano, Salvatore",9742
Alzira,69434,https://www.wikidata.org/wiki/Q450801,Voltaire,11268
Giovanna d'Arco,69436,https://www.wikidata.org/wiki/Q757134,"Verdi, Giuseppe",9641
Giovanna d'Arco,69436,https://www.wikidata.org/wiki/Q757134,"Solera, Temistocle",9970
Giovanna d'Arco,69436,https://www.wikidata.org/wiki/Q757134,"Schiller, Friedrich",10630
Les vêpres siciliennes,69438,https://www.wikidata.org/wiki/Q471645,"Verdi, Giuseppe",9641
Les vêpres siciliennes,69438,https://www.wikidata.org/wiki/Q471645,"Scribe, Eugène",9644
Les vêpres siciliennes,69438,https://www.wikidata.org/wiki/Q471645,"Duveyrier, Charles",10326
Attila,69447,https://www.wikidata.org/wiki/Q211460,"Verdi, Giuseppe",9641
Attila,69447,https://www.wikidata.org/wiki/Q211460,"Solera, Temistocle",9970
Attila,69447,https://www.wikidata.org/wiki/Q211460,"Werner, Zacharias",10025
"Mutter, Mutter, wie weit darf ich gehen?",69478,https://www.wikidata.org/wiki/Q25384251,"Pärt, Arvo",10276
La traviata,69480,https://www.wikidata.org/wiki/Q186162,"Verdi, Giuseppe",9641
La traviata,69480,https://www.wikidata.org/wiki/Q186162,"Piave, Francesco Maria",10405
Night and Day,69487,https://www.wikidata.org/wiki/Q7033591,"Porter, Cole",10309
Rinaldo,69490,https://www.wikidata.org/wiki/Q767249,"Händel, Georg Friedrich",9603
Rinaldo,69490,https://www.wikidata.org/wiki/Q767249,"Rossi, Giacomo",9803
Rinaldo,69490,https://www.wikidata.org/wiki/Q767249,"Hill, Aaron",10322
Pelléas et Mélisande,69492,https://www.wikidata.org/wiki/Q368019,"Debussy, Claude",9594
Pelléas et Mélisande,69492,https://www.wikidata.org/wiki/Q368019,"Maeterlinck, Maurice-Polydore-Marie-Bernard",10357
Paganini,69496,https://www.wikidata.org/wiki/Q736134,"Rota, Nino",10371
saying,69503,https://www.wikidata.org/wiki/Q3026787,"Nardini, Pietro",10388
Macbeth,69505,https://www.wikidata.org/wiki/Q320363,"Verdi, Giuseppe",9641
Macbeth,69505,https://www.wikidata.org/wiki/Q320363,"Maffei, Andrea",9822
Macbeth,69505,https://www.wikidata.org/wiki/Q320363,"Piave, Francesco Maria",10405
Macbeth,69505,https://www.wikidata.org/wiki/Q320363,"Shakespeare, William",10325
Happy End,69506,https://www.wikidata.org/wiki/Q1584256,"Weill, Kurt",10367
Candide,69507,https://www.wikidata.org/wiki/Q1033015,"Bernstein, Leonard",10414
Candide,69507,https://www.wikidata.org/wiki/Q1033015,"Wilbur, Richard",10431
Candide,69507,https://www.wikidata.org/wiki/Q1033015,Voltaire,11268
Fratres,69545,https://www.wikidata.org/wiki/Q3752459,"Pärt, Arvo",10276
Melódía (Rask 98),69595,https://www.wikidata.org/wiki/Q65336193,"Gentilucci, Armando",10101
Don Carlos,69602,https://www.wikidata.org/wiki/Q179110,"Verdi, Giuseppe",9641
Don Carlos,69602,https://www.wikidata.org/wiki/Q179110,"Mery, Francois-Joseph",10628
Don Carlos,69602,https://www.wikidata.org/wiki/Q179110,"Du Locle, Camille",10629
Don Carlos,69602,https://www.wikidata.org/wiki/Q179110,"Schiller, Friedrich",10630
Un ballo in maschera,69609,https://www.wikidata.org/wiki/Q221757,"Verdi, Giuseppe",9641
Un ballo in maschera,69609,https://www.wikidata.org/wiki/Q221757,"Somma, Antonio",10631
Un ballo in maschera,69609,https://www.wikidata.org/wiki/Q221757,"Scribe, Eugène",9644
I masnadieri,69610,https://www.wikidata.org/wiki/Q466338,"Verdi, Giuseppe",9641
I masnadieri,69610,https://www.wikidata.org/wiki/Q466338,"Maffei, Andrea",9822
I masnadieri,69610,https://www.wikidata.org/wiki/Q466338,"Schiller, Friedrich",10630
Simon Boccanegra,69611,https://www.wikidata.org/wiki/Q548161,"Verdi, Giuseppe",9641
Simon Boccanegra,69611,https://www.wikidata.org/wiki/Q548161,"Boito, Arrigo",9585
Simon Boccanegra,69611,https://www.wikidata.org/wiki/Q548161,"Piave, Francesco Maria",10405
Les martyrs,69612,https://www.wikidata.org/wiki/Q17020379,"Donizetti, Gaetano",9596
West Side Story,69619,https://www.wikidata.org/wiki/Q669010,"Bernstein, Leonard",10414
West Side Story,69619,https://www.wikidata.org/wiki/Q669010,"Laurents, Arthur",10695
West Side Story,69619,https://www.wikidata.org/wiki/Q669010,"Sondheim, Stephen",10696
Volo di notte,69623,https://www.wikidata.org/wiki/Q915455,"Rubinštein, Anton",9925
Antiche Danze ed Arie,69628,https://www.wikidata.org/wiki/Q109242471,"Parisotti, Alessandro",10718
La forza del destino,69630,https://www.wikidata.org/wiki/Q212451,"Verdi, Giuseppe",9641
La forza del destino,69630,https://www.wikidata.org/wiki/Q212451,"Piave, Francesco Maria",10405
La forza del destino,69630,https://www.wikidata.org/wiki/Q212451,"Saavedra, Angel Pérez de",16288
Barbe-bleue,69631,https://www.wikidata.org/wiki/Q373076,"Offenbach, Jacques",9621
Barbe-bleue,69631,https://www.wikidata.org/wiki/Q373076,"Meilhac, Henri",9696
Barbe-bleue,69631,https://www.wikidata.org/wiki/Q373076,"Halévy, Ludovic",9865
La voix humaine,69632,https://www.wikidata.org/wiki/Q36084,"Poulenc, Francis",9626
La voix humaine,69632,https://www.wikidata.org/wiki/Q36084,"Cocteau, Jean",9841
Didone abbandonata,69633,https://www.wikidata.org/wiki/Q3707034,"Jommelli, Niccolò",10780
Didone abbandonata,69633,https://www.wikidata.org/wiki/Q3707034,"Metastasio, Pietro",9815
Serse,69636,https://www.wikidata.org/wiki/Q1069133,"Händel, Georg Friedrich",9603
Serse,69636,https://www.wikidata.org/wiki/Q1069133,"Minato, Nicolò -sec. 17.-",33884
Serse,69636,https://www.wikidata.org/wiki/Q1069133,"Stampiglia, Silvio",33885
Amor rende sagace,69639,https://www.wikidata.org/wiki/Q3614527,"Cimarosa, Domenico",9593
Amor rende sagace,69639,https://www.wikidata.org/wiki/Q3614527,"Bertati, Giovanni",9732
aerosol spray,69645,https://www.wikidata.org/wiki/Q659495,"Smetanin, Michael",10877
saying,69647,https://www.wikidata.org/wiki/Q3026787,"Mozart, Wolfgang Amadeus",9618
La fida ninfa,69651,https://www.wikidata.org/wiki/Q2557494,"Vivaldi, Antonio",9666
La fida ninfa,69651,https://www.wikidata.org/wiki/Q2557494,"Maffei, Scipione",10890
L'Olimpiade,69653,https://www.wikidata.org/wiki/Q785528,"Vivaldi, Antonio",9666
L'Olimpiade,69653,https://www.wikidata.org/wiki/Q785528,"Metastasio, Pietro",9815
Semiramide,69654,https://www.wikidata.org/wiki/Q3955083,"Vivaldi, Antonio",9666
Semiramide,69654,https://www.wikidata.org/wiki/Q3955083,"Silvani, Francesco",10892
Ottone in villa,69660,https://www.wikidata.org/wiki/Q923031,"Vivaldi, Antonio",9666
Ottone in villa,69660,https://www.wikidata.org/wiki/Q923031,"Lalli, Domenico",10895
Orlando furioso,69661,https://www.wikidata.org/wiki/Q241950,"Vivaldi, Antonio",9666
Orlando furioso,69661,https://www.wikidata.org/wiki/Q241950,"Braccioli, Grazio",10896
Orlando furioso,69661,https://www.wikidata.org/wiki/Q241950,"Ariosto, Ludovico",16308
Orlando finto pazzo,69662,https://www.wikidata.org/wiki/Q771982,"Vivaldi, Antonio",9666
Orlando finto pazzo,69662,https://www.wikidata.org/wiki/Q771982,"Braccioli, Grazio",10896
Orlando finto pazzo,69662,https://www.wikidata.org/wiki/Q771982,"Boiardo, Matteo Maria",16341
Il viaggio a Reims,69677,https://www.wikidata.org/wiki/Q470983,"Rossini, Gioachino",9633
Il viaggio a Reims,69677,https://www.wikidata.org/wiki/Q470983,"Balocchi, Luigi",10904
Il mondo della luna,69682,https://www.wikidata.org/wiki/Q1037479,"Haydn, Franz Joseph",9604
Il mondo della luna,69682,https://www.wikidata.org/wiki/Q1037479,"Goldoni, Carlo",9777
aurora,69700,https://www.wikidata.org/wiki/Q40609,"Cerchio, Bruno",10933
Parsifal,69728,https://www.wikidata.org/wiki/Q220340,"Wagner, Richard",9642
Quartetto per archi op. 4 n. 1,69747,https://www.wikidata.org/wiki/Q3927149,"Maderna, Bruno",10974
Personenschifffahrt auf der Donau,69790,https://www.wikidata.org/wiki/Q2072386,"Schubert, Franz",9872
meeting,69801,https://www.wikidata.org/wiki/Q12938533,"Strauss, Richard",9639
Concerto per archi e basso continuo RV 154,69806,https://www.wikidata.org/wiki/Q3686126,"Rota, Nino",10371
Siegfried,69817,https://www.wikidata.org/wiki/Q333146,"Wagner, Richard",9642
Der Ring des Nibelungen,69818,https://www.wikidata.org/wiki/Q190237,"Wagner, Richard",9642
Lohengrin,69819,https://www.wikidata.org/wiki/Q23085,"Wagner, Richard",9642
Rienzi,69820,https://www.wikidata.org/wiki/Q689441,"Wagner, Richard",9642
Rienzi,69820,https://www.wikidata.org/wiki/Q689441,"Bulwer-Lytton, Edward George",11038
Luisa Miller,69821,https://www.wikidata.org/wiki/Q545265,"Verdi, Giuseppe",9641
Luisa Miller,69821,https://www.wikidata.org/wiki/Q545265,"Cammarano, Salvatore",9742
Luisa Miller,69821,https://www.wikidata.org/wiki/Q545265,"Schiller, Friedrich",10630
characterizational construction,69823,https://www.wikidata.org/wiki/Q124316943,"Cage, John",9977
Tre commedie goldoniane,69828,https://www.wikidata.org/wiki/Q109002017,"Malipiero, Gianfrancesco",10978
Tre commedie goldoniane,69828,https://www.wikidata.org/wiki/Q109002017,"Goldoni, Carlo",9777
Le baruffe chiozzotte,69829,https://www.wikidata.org/wiki/Q109244969,"Sinigaglia, Leone",10999
Il campiello,69831,https://www.wikidata.org/wiki/Q3792586,"Wolf-Ferrari, Ermanno",9643
Il campiello,69831,https://www.wikidata.org/wiki/Q3792586,"Ghisalberti, Mario",11068
Il campiello,69831,https://www.wikidata.org/wiki/Q3792586,"Goldoni, Carlo",9777
Tutti in maschera,69833,https://www.wikidata.org/wiki/Q7857015,"Pedrotti, Carlo",11071
Tutti in maschera,69833,https://www.wikidata.org/wiki/Q7857015,"Marcello, Marco Marcelliano",11072
Tutti in maschera,69833,https://www.wikidata.org/wiki/Q7857015,"Goldoni, Carlo",9777
Amleto,69838,https://www.wikidata.org/wiki/Q3614379,"Faccio, Francesco Antonio",11074
Amleto,69838,https://www.wikidata.org/wiki/Q3614379,"Boito, Arrigo",9585
Vortex temporum,69916,https://www.wikidata.org/wiki/Q15991015,"Grisey, Gérard",9975
interfaith dialogue,69931,https://www.wikidata.org/wiki/Q1304214,"Gandolfi, Paolo",11156
Capriccio,69935,https://www.wikidata.org/wiki/Q1034949,"Strauss, Richard",9639
Capriccio,69935,https://www.wikidata.org/wiki/Q1034949,"Krauss, Clemens",11170
My Fair Lady,69942,https://www.wikidata.org/wiki/Q591943,"Loewe, Frederick",11194
My Fair Lady,69942,https://www.wikidata.org/wiki/Q591943,"Lerner, Alan Jay",11187
My Fair Lady,69942,https://www.wikidata.org/wiki/Q591943,"Shaw, George Bernard",11188
Thallein Ensemble,69992,https://www.wikidata.org/wiki/Q7709693,"Xenakis, Iannis",10958
Quartetto per archi op. 4 n. 1,70014,https://www.wikidata.org/wiki/Q3927149,"Scelsi, Giacinto",11350
L’estro armonico Op.3,70034,https://www.wikidata.org/wiki/Q13085320,"Vivaldi, Antonio",9666
Götterdämmerung,70049,https://www.wikidata.org/wiki/Q272029,"Wagner, Richard",9642
Tannhäuser,70059,https://www.wikidata.org/wiki/Q560619,"Wagner, Richard",9642
Die Meistersinger von Nürnberg,70060,https://www.wikidata.org/wiki/Q465540,"Wagner, Richard",9642
fjord,70062,https://www.wikidata.org/wiki/Q45776,"Cage, John",9977
articulation,70067,https://www.wikidata.org/wiki/Q372923,"Ligeti, György",9971
number,70078,https://www.wikidata.org/wiki/Q11563,"Feldman, Morton",9978
Quartetto per archi op. 4 n. 1,70127,https://www.wikidata.org/wiki/Q3927149,"Rota, Nino",10371
atmosphere,70129,https://www.wikidata.org/wiki/Q8104,"Ligeti, György",9971
screaming,70150,https://www.wikidata.org/wiki/Q1932016,"Francesconi, Luca",11443
bitext,70152,https://www.wikidata.org/wiki/Q1346592,"Tadini, Michele",11444
Thayambaka,70183,https://www.wikidata.org/wiki/Q7711526,AA. VV.,12613
The Merry Widow,70195,https://www.wikidata.org/wiki/Q478202,"Lehár, Franz",9861
The Merry Widow,70195,https://www.wikidata.org/wiki/Q478202,"Léon, Viktor",12193
The Merry Widow,70195,https://www.wikidata.org/wiki/Q478202,"Stein, Leo",12194
The Merry Widow,70195,https://www.wikidata.org/wiki/Q478202,"Meilhac, Henri",9696
Anything Goes,70202,https://www.wikidata.org/wiki/Q656082,"Zappa, Frank",9997
Swiss kitchen standard,70205,https://www.wikidata.org/wiki/Q2256198,"Zappa, Frank",9997
WYSIWYM,70207,https://www.wikidata.org/wiki/Q595133,"Zappa, Frank",9997
nebula,70209,https://www.wikidata.org/wiki/Q42372,"Casadei, Giorgio",12145
Studio Tanuki,70215,https://www.wikidata.org/wiki/Q3501016,"Zappa, Frank",9997
Quartetto per archi op. 4 n. 1,70230,https://www.wikidata.org/wiki/Q3927149,"Lutoslawski, Witold",11173
The Flying Dutchman,70249,https://www.wikidata.org/wiki/Q114640,"Wagner, Richard",9642
Ave Maria,70256,https://www.wikidata.org/wiki/Q15982418,"Guerrero, Francisco",12397
Die Feen,70260,https://www.wikidata.org/wiki/Q477656,"Wagner, Richard",9642
Die Feen,70260,https://www.wikidata.org/wiki/Q477656,"Gozzi, Carlo",13667
Sapho,70266,https://www.wikidata.org/wiki/Q264671,"Gounod, Charles",9602
Sapho,70266,https://www.wikidata.org/wiki/Q264671,"Augier, Émile",16306
Le Cid,70269,https://www.wikidata.org/wiki/Q899440,"Massenet, Jules",9612
Le Cid,70269,https://www.wikidata.org/wiki/Q899440,"Gallet, Louis",9699
Le Cid,70269,https://www.wikidata.org/wiki/Q899440,"Blau, Édouard",9831
Le Cid,70269,https://www.wikidata.org/wiki/Q899440,"Ennery, Adolphe-Philippe d'",16317
Un giorno di regno,70288,https://www.wikidata.org/wiki/Q470932,"Verdi, Giuseppe",9641
Un giorno di regno,70288,https://www.wikidata.org/wiki/Q470932,"Romani, Felice",9648
The Threepenny Opera,70289,https://www.wikidata.org/wiki/Q212495,"Weill, Kurt",10367
The Threepenny Opera,70289,https://www.wikidata.org/wiki/Q212495,"Brecht, Bertolt",31623
Rise and Fall of the City of Mahagonny,70290,https://www.wikidata.org/wiki/Q760054,"Weill, Kurt",10367
Rise and Fall of the City of Mahagonny,70290,https://www.wikidata.org/wiki/Q760054,"Brecht, Bertolt",31623
Knickerbocker Holiday,70292,https://www.wikidata.org/wiki/Q1236039,"Weill, Kurt",10367
One Touch of Venus,70293,https://www.wikidata.org/wiki/Q1403471,"Weill, Kurt",10367
Street Scene,70294,https://www.wikidata.org/wiki/Q2355342,"Weill, Kurt",10367
dead leaf,70297,https://www.wikidata.org/wiki/Q3070986,"Kosma, Joseph",12688
dead leaf,70297,https://www.wikidata.org/wiki/Q3070986,"Prévert, Jacques",12601
Vlespiegle seruant vn Mareschal de la ville de Rostre,70299,https://www.wikidata.org/wiki/Q122946843,"Brel, Jacques",12692
ink cartridge,70303,https://www.wikidata.org/wiki/Q622368,"Kosma, Joseph",12688
ink cartridge,70303,https://www.wikidata.org/wiki/Q622368,"Prévert, Jacques",12601
goat meat,70308,https://www.wikidata.org/wiki/Q449506,"Guthrie, Woody",12699
death march,70311,https://www.wikidata.org/wiki/Q326259,"Guthrie, Woody",12699
unit of measurement,70312,https://www.wikidata.org/wiki/Q47574,"Guthrie, Woody",12699
Little Box Challenge,70313,https://www.wikidata.org/wiki/Q25104101,"Reynolds, Malvina",12701
Quartetto per archi op. 4 n. 1,70323,https://www.wikidata.org/wiki/Q3927149,"Webern, Anton",10416
Quartetto per archi op. 4 n. 1,70324,https://www.wikidata.org/wiki/Q3927149,"Gianferrari, Vincenzo",12706
Moby Dick,70328,https://www.wikidata.org/wiki/Q109002309,"Gentilucci, Armando",10101
Ave Maria,70367,https://www.wikidata.org/wiki/Q15982418,"Bruckner, Anton",10221
flight level,70372,https://www.wikidata.org/wiki/Q1335035,"Benjamin, George",13017
Façade,70374,https://www.wikidata.org/wiki/Q16836117,"Walton, William Turner",13019
Façade,70374,https://www.wikidata.org/wiki/Q16836117,"Sitwell, Edith",13025
Alborada del Gracioso,70395,https://www.wikidata.org/wiki/Q119412866,"Ravel, Maurice",9631
The Tale of Tsar Saltan,70417,https://www.wikidata.org/wiki/Q1087929,"Rimskij-Korsakov, Nikolaj",34003
The Tale of Tsar Saltan,70417,https://www.wikidata.org/wiki/Q1087929,"Bel'skij, Vladimir",10601
The Tale of Tsar Saltan,70417,https://www.wikidata.org/wiki/Q1087929,"Puškin, Aleksandr Sergeevic",10602
Il cappello di paglia di Firenze,70418,https://www.wikidata.org/wiki/Q1157165,"Rota, Nino",10371
Il cappello di paglia di Firenze,70418,https://www.wikidata.org/wiki/Q1157165,"Rota, Ernesta",13111
Il cappello di paglia di Firenze,70418,https://www.wikidata.org/wiki/Q1157165,"Labiche, Eugène Marin",13112
Il cappello di paglia di Firenze,70418,https://www.wikidata.org/wiki/Q1157165,"Michel, Marc",13113
peninsula,70450,https://www.wikidata.org/wiki/Q34763,"Mircovich, Elisabetta de",13160
Griselda,70463,https://www.wikidata.org/wiki/Q2330994,"Bononcini, Giovanni",13174
Griselda,70463,https://www.wikidata.org/wiki/Q2330994,"Zeno, Apostolo",10894
Griselda,70463,https://www.wikidata.org/wiki/Q2330994,"Rolli, Paolo Antonio",13176
A Chorus Line,70465,https://www.wikidata.org/wiki/Q189427,"Kleban, Edward",13311
A Chorus Line,70465,https://www.wikidata.org/wiki/Q189427,"Hamlish, Marvin",31917
A Chorus Line,70465,https://www.wikidata.org/wiki/Q189427,"Kirkwood, James",12657
A Chorus Line,70465,https://www.wikidata.org/wiki/Q189427,"Dante, Nicholas",12658
La liberazione di Ruggiero dall'isola d'Alcina,70478,https://www.wikidata.org/wiki/Q3888701,"Merula, Tarquinio",13393
falling from the sky,70493,https://www.wikidata.org/wiki/Q121673739,"Maric, Dave",13418
Cin Ci La,70497,https://www.wikidata.org/wiki/Q3676996,"Ranzato, Virgilio",13424
Cin Ci La,70497,https://www.wikidata.org/wiki/Q3676996,"Lombardo, Carlo",12385
acronym,70507,https://www.wikidata.org/wiki/Q101244,"Camarero, César",12143
Processo X agosto,70548,https://www.wikidata.org/wiki/Q135266438,"Colla, Alberto",13747
Processo X agosto,70548,https://www.wikidata.org/wiki/Q135266438,"Kafka, Franz",13668
cleavage,70559,https://www.wikidata.org/wiki/Q107400,"Nunes, Emanoel",13956
Salome,70577,https://www.wikidata.org/wiki/Q723407,"Strauss, Richard",9639
Salome,70577,https://www.wikidata.org/wiki/Q723407,"Lachmann, Hedwig",14072
Salome,70577,https://www.wikidata.org/wiki/Q723407,"Wilde, Oscar",11773
Fergus and the Druid,70593,https://www.wikidata.org/wiki/Q19023616,"Cage, John",9977
"Oh, Kay!",70596,https://www.wikidata.org/wiki/Q1517784,"Gershwin, George",9598
"Oh, Kay!",70596,https://www.wikidata.org/wiki/Q1517784,"Gershwin, Ira",9779
"Oh, Kay!",70596,https://www.wikidata.org/wiki/Q1517784,"Dietz, Howard",16302
"Oh, Kay!",70596,https://www.wikidata.org/wiki/Q1517784,"Bolton, Guy Reginald",16303
"Oh, Kay!",70596,https://www.wikidata.org/wiki/Q1517784,"Grenville Wodehouse, Pelham sir",16304
Alt key,70598,https://www.wikidata.org/wiki/Q148742,"Kagel, Mauricio",10996
Maometto II,70606,https://www.wikidata.org/wiki/Q109242613,"Tadini, Michele",11444
arpeggio,70625,https://www.wikidata.org/wiki/Q506986,"Donatoni, Franco",10977
Billy Elliot the Musical,70633,https://www.wikidata.org/wiki/Q2771,"Dylan, Bob",12700
intersection,70635,https://www.wikidata.org/wiki/Q285783,"Johnson, Robert",14859
Machine gun nests,70637,https://www.wikidata.org/wiki/Q4383575,"Hendrix, Jimi",13980
An American in Paris,70641,https://www.wikidata.org/wiki/Q4749781,"Gershwin, George",9598
Evita,70683,https://www.wikidata.org/wiki/Q830549,"Lloyd Webber, Andrew",15385
Evita,70683,https://www.wikidata.org/wiki/Q830549,"Rice, Tim",15384
junction,70688,https://www.wikidata.org/wiki/Q1777515,"Griset, Cyril",12358
Flamenco zapateado notation,70689,https://www.wikidata.org/wiki/Q65166743,"Sarasate, Pablo de",15603
Bruíonn Bheag na hAlmhaine,70694,https://www.wikidata.org/wiki/Q112812929,"Cutting, Francis",15801
Ernani,70711,https://www.wikidata.org/wiki/Q211279,"Verdi, Giuseppe",9641
Ernani,70711,https://www.wikidata.org/wiki/Q211279,"Piave, Francesco Maria",10405
Ernani,70711,https://www.wikidata.org/wiki/Q211279,"Hugo, Victor",11248
Savitri,70781,https://www.wikidata.org/wiki/Q109242455,Anonimo medioevale,15973
Ծ/ծ,70830,https://www.wikidata.org/wiki/Q1425253,"Piazzolla, Astor",13252
Ծ/ծ,70830,https://www.wikidata.org/wiki/Q1425253,"Philippe, Pierre",16144
The Nutcracker,70851,https://www.wikidata.org/wiki/Q193705,"Čajkovskij, Pëtr Il'ič",9588
saying,70875,https://www.wikidata.org/wiki/Q3026787,"Barber, Samuel",9579
Il paese dei campanelli,70887,https://www.wikidata.org/wiki/Q3792841,"Ranzato, Virgilio",13424
Il paese dei campanelli,70887,https://www.wikidata.org/wiki/Q3792841,"Lombardo, Carlo",12385
Scugnizza,70888,https://www.wikidata.org/wiki/Q3953175,"Costa, Mario Pasquale",16229
Scugnizza,70888,https://www.wikidata.org/wiki/Q3953175,"Lombardo, Carlo",12385
Die Walküre,70889,https://www.wikidata.org/wiki/Q324319,"Wagner, Richard",9642
continuum,70891,https://www.wikidata.org/wiki/Q1704572,"Maderna, Bruno",10974
Orontea,70902,https://www.wikidata.org/wiki/Q3268790,"Cesti, Marc'Antonio",10812
Orontea,70902,https://www.wikidata.org/wiki/Q3268790,"Cicognini, Giacinto Andrea",16299
Shall We Dance? (TV show),70911,https://www.wikidata.org/wiki/Q12970909,"Gershwin, George",9598
Ave Maria,70913,https://www.wikidata.org/wiki/Q15982418,"Stravinskij, Igor'",9640
Euryanthe,70916,https://www.wikidata.org/wiki/Q707737,"Weber, Carl Maria von",11171
Oberon,70956,https://www.wikidata.org/wiki/Q690835,"Weber, Carl Maria von",11171
The Makropulos Affair,70966,https://www.wikidata.org/wiki/Q1142221,"Janácek, Leós",9607
The Makropulos Affair,70966,https://www.wikidata.org/wiki/Q1142221,"Čapek, Karel",16528
Ariodante,70967,https://www.wikidata.org/wiki/Q662514,"Händel, Georg Friedrich",9603
Ariodante,70967,https://www.wikidata.org/wiki/Q662514,"Salvi, Antonio",16543
Der Zauberlehrling,70983,https://www.wikidata.org/wiki/Q99395802,"Dukas, Paul",16558
Addio giovinezza!,70991,https://www.wikidata.org/wiki/Q2824148,"Pietri, Giuseppe",12861
Addio giovinezza!,70991,https://www.wikidata.org/wiki/Q2824148,"Camasio, Sandro",16579
Orpheus in the Underworld,70996,https://www.wikidata.org/wiki/Q1137065,"Offenbach, Jacques",9621
Orpheus in the Underworld,70996,https://www.wikidata.org/wiki/Q1137065,"Crémieux, Hector-Jonathan",9864
Orpheus in the Underworld,70996,https://www.wikidata.org/wiki/Q1137065,"Halévy, Ludovic",9865
Asturias,71018,https://www.wikidata.org/wiki/Q20576712,"Albéniz, Isaac",9886
Les aventures du roi Pausole,71026,https://www.wikidata.org/wiki/Q742234,"Ligeti, György",9971
La Belle Hélène,71027,https://www.wikidata.org/wiki/Q1219408,"Offenbach, Jacques",9621
La Belle Hélène,71027,https://www.wikidata.org/wiki/Q1219408,"Meilhac, Henri",9696
La Belle Hélène,71027,https://www.wikidata.org/wiki/Q1219408,"Halévy, Ludovic",9865
Khovanshchina,71028,https://www.wikidata.org/wiki/Q917711,"Musorgskij, Modest",9619
Mosè in Egitto,71074,https://www.wikidata.org/wiki/Q583156,"Rossini, Gioachino",9633
Mosè in Egitto,71074,https://www.wikidata.org/wiki/Q583156,"Tottola, Leone Andrea",9932
Mosè in Egitto,71074,https://www.wikidata.org/wiki/Q583156,"Ringhieri, Francesco Ulisse",16716
Prince Igor,71075,https://www.wikidata.org/wiki/Q275354,"Borodin, Aleksandr P.",9586
Tristan und Isolde,71076,https://www.wikidata.org/wiki/Q1324254,"Wagner, Richard",9642
Faust,71077,https://www.wikidata.org/wiki/Q745951,"Gounod, Charles",9602
Faust,71077,https://www.wikidata.org/wiki/Q745951,"Carré, Michel",9701
Faust,71077,https://www.wikidata.org/wiki/Q745951,"Barbier, Jules",9796
Faust,71077,https://www.wikidata.org/wiki/Q745951,"Goethe, Johann Wolfgang : von",33960
Les Boréades,71101,https://www.wikidata.org/wiki/Q1191054,"Rameau, Jean-Philippe",9630
Les Boréades,71101,https://www.wikidata.org/wiki/Q1191054,"Cahusac, Louis de",16745
L’olimpiade,71110,https://www.wikidata.org/wiki/Q21205064,"Pergolesi, Giovanni Battista",9624
L’olimpiade,71110,https://www.wikidata.org/wiki/Q21205064,"Metastasio, Pietro",9815
solitary,71118,https://www.wikidata.org/wiki/Q2438638,"Sollima, Giovanni",16841
Salvator Rosa,71122,https://www.wikidata.org/wiki/Q2759357,"Gomes, Carlos Antônio",16922
Salvator Rosa,71122,https://www.wikidata.org/wiki/Q2759357,"Ghislanzoni, Antonio",9794
Semiramide,71123,https://www.wikidata.org/wiki/Q900744,"Rossini, Gioachino",9633
Semiramide,71123,https://www.wikidata.org/wiki/Q900744,"Rossi, Gaetano",9757
Semiramide,71123,https://www.wikidata.org/wiki/Q900744,Voltaire,11268
Rusalka,71124,https://www.wikidata.org/wiki/Q831255,"Dvorák, Antonín",9771
Rusalka,71124,https://www.wikidata.org/wiki/Q831255,"Kvapil, Jaroslav",9772
Cavalleria rusticana,71125,https://www.wikidata.org/wiki/Q221806,"Mascagni, Pietro",9611
Cavalleria rusticana,71125,https://www.wikidata.org/wiki/Q221806,"Targioni-Tozzetti, Giovanni",9819
Cavalleria rusticana,71125,https://www.wikidata.org/wiki/Q221806,"Menasci, Guido",9820
Mefistofele,71126,https://www.wikidata.org/wiki/Q935669,"Boito, Arrigo",9585
Le comte Ory,71127,https://www.wikidata.org/wiki/Q734560,"Rossini, Gioachino",9633
Le comte Ory,71127,https://www.wikidata.org/wiki/Q734560,"Scribe, Eugène",9644
Le comte Ory,71127,https://www.wikidata.org/wiki/Q734560,"Delestre-Poirson, Charles-Gaspard",9931
I Lombardi alla prima crociata,71128,https://www.wikidata.org/wiki/Q468625,"Verdi, Giuseppe",9641
I Lombardi alla prima crociata,71128,https://www.wikidata.org/wiki/Q468625,"Solera, Temistocle",9970
Louise,71129,https://www.wikidata.org/wiki/Q286488,"Charpentier, Gustave",9590
Ariadne auf Naxos,71130,https://www.wikidata.org/wiki/Q654633,"Strauss, Richard",9639
Ariadne auf Naxos,71130,https://www.wikidata.org/wiki/Q654633,"Hofmannsthal, Hugo von",19437
Anna Bolena,71131,https://www.wikidata.org/wiki/Q559848,"Donizetti, Gaetano",9596
Anna Bolena,71131,https://www.wikidata.org/wiki/Q559848,"Romani, Felice",9648
La rondine,71132,https://www.wikidata.org/wiki/Q845556,"Puccini, Giacomo",9628
La rondine,71132,https://www.wikidata.org/wiki/Q845556,"Adami, Giuseppe",9895
The Tales of Hoffmann,71133,https://www.wikidata.org/wiki/Q335012,"Offenbach, Jacques",9621
The Tales of Hoffmann,71133,https://www.wikidata.org/wiki/Q335012,"Carré, Michel",9701
The Tales of Hoffmann,71133,https://www.wikidata.org/wiki/Q335012,"Barbier, Jules",9796
Hamlet,71134,https://www.wikidata.org/wiki/Q631016,"Thomas, Ambroise",16928
Hamlet,71134,https://www.wikidata.org/wiki/Q631016,"Carré, Michel",9701
Hamlet,71134,https://www.wikidata.org/wiki/Q631016,"Barbier, Jules",9796
Nabucco,71135,https://www.wikidata.org/wiki/Q202230,"Verdi, Giuseppe",9641
Nabucco,71135,https://www.wikidata.org/wiki/Q202230,"Solera, Temistocle",9970
Pagliacci,71136,https://www.wikidata.org/wiki/Q248644,"Leoncavallo, Ruggero",9608
Iris,71137,https://www.wikidata.org/wiki/Q474647,"Mascagni, Pietro",9611
Iris,71137,https://www.wikidata.org/wiki/Q474647,"Illica, Luigi",9710
Aroldo,71140,https://www.wikidata.org/wiki/Q697950,"Verdi, Giuseppe",9641
Aroldo,71140,https://www.wikidata.org/wiki/Q697950,"Piave, Francesco Maria",10405
Aroldo,71140,https://www.wikidata.org/wiki/Q697950,"Scott, Walter",12698
Linda di Chamounix,71141,https://www.wikidata.org/wiki/Q669382,"Donizetti, Gaetano",9596
Linda di Chamounix,71141,https://www.wikidata.org/wiki/Q669382,"Ennery, Adolphe-Philippe d'",16317
Lucrezia Borgia,71142,https://www.wikidata.org/wiki/Q685501,"Donizetti, Gaetano",9596
Lucrezia Borgia,71142,https://www.wikidata.org/wiki/Q685501,"Hugo, Victor",11248
Aleko,71143,https://www.wikidata.org/wiki/Q927503,"Rachmaninov, Sergej",13781
Aleko,71143,https://www.wikidata.org/wiki/Q927503,"Nemirovic-Dancenko, Vladimir Ivanovic",16943
Aleko,71143,https://www.wikidata.org/wiki/Q927503,"Puškin, Aleksandr Sergeevic",10602
L'occasione fa il ladro,71145,https://www.wikidata.org/wiki/Q651596,"Rossini, Gioachino",9633
L'occasione fa il ladro,71145,https://www.wikidata.org/wiki/Q651596,"Prividali, Luigi",16944
L'occasione fa il ladro,71145,https://www.wikidata.org/wiki/Q651596,"Scribe, Eugène",9644
Lakmé,71155,https://www.wikidata.org/wiki/Q776107,"Delibes, Léo",9595
Lakmé,71155,https://www.wikidata.org/wiki/Q776107,"Gondinet, Edmond",9734
Lakmé,71155,https://www.wikidata.org/wiki/Q776107,"Gille, Philippe",9735
Le duc d'Albe,71156,https://www.wikidata.org/wiki/Q576230,"Donizetti, Gaetano",9596
Il corsaro,71157,https://www.wikidata.org/wiki/Q467289,"Verdi, Giuseppe",9641
Il corsaro,71157,https://www.wikidata.org/wiki/Q467289,"Piave, Francesco Maria",10405
Médée,71158,https://www.wikidata.org/wiki/Q577758,"Cherubini, Luigi",9591
Médée,71158,https://www.wikidata.org/wiki/Q577758,"Hoffman, François-Benôit",9723
Mignon,71159,https://www.wikidata.org/wiki/Q657595,"Thomas, Ambroise",16928
Mignon,71159,https://www.wikidata.org/wiki/Q657595,"Carré, Michel",9701
Mignon,71159,https://www.wikidata.org/wiki/Q657595,"Barbier, Jules",9796
Mignon,71159,https://www.wikidata.org/wiki/Q657595,"Goethe, Johann Wolfgang : von",33960
Don Quichotte,71160,https://www.wikidata.org/wiki/Q727793,"Massenet, Jules",9612
Don Quichotte,71160,https://www.wikidata.org/wiki/Q727793,"Cain, Henri",9827
Don Quichotte,71160,https://www.wikidata.org/wiki/Q727793,"Cervantes, Miguel de",10449
The Maid of Orleans,71161,https://www.wikidata.org/wiki/Q785557,"Čajkovskij, Pëtr Il'ič",9588
The Maid of Orleans,71161,https://www.wikidata.org/wiki/Q785557,"Schiller, Friedrich",10630
La Gioconda,71162,https://www.wikidata.org/wiki/Q748840,"Ponchielli, Amilcare",9625
La Gioconda,71162,https://www.wikidata.org/wiki/Q748840,"Boito, Arrigo",9585
La vestale,71163,https://www.wikidata.org/wiki/Q1622224,"Spontini, Gaspare",9637
La vestale,71163,https://www.wikidata.org/wiki/Q1622224,"Jouy, Victor-Joseph Étienne de",9714
Hérodiade,71164,https://www.wikidata.org/wiki/Q1989023,"Massenet, Jules",9612
Hérodiade,71164,https://www.wikidata.org/wiki/Q1989023,"Zanardini, Angelo",9707
Hérodiade,71164,https://www.wikidata.org/wiki/Q1989023,"Milliet, Paul",9829
Rodelinda,71165,https://www.wikidata.org/wiki/Q641095,"Händel, Georg Friedrich",9603
Rodelinda,71165,https://www.wikidata.org/wiki/Q641095,"Haym, Nicola Francesco",9800
Rodelinda,71165,https://www.wikidata.org/wiki/Q641095,"Salvi, Antonio",16543
Dinorah,71166,https://www.wikidata.org/wiki/Q470739,"Meyerbeer, Giacomo",9615
Dinorah,71166,https://www.wikidata.org/wiki/Q470739,"Carré, Michel",9701
Dinorah,71166,https://www.wikidata.org/wiki/Q470739,"Barbier, Jules",9796
Das Rheingold,71168,https://www.wikidata.org/wiki/Q327717,"Wagner, Richard",9642
Fra Diavolo,71169,https://www.wikidata.org/wiki/Q1440309,"Auber, Daniel-François-Esprit",9578
Fra Diavolo,71169,https://www.wikidata.org/wiki/Q1440309,"Scribe, Eugène",9644
The Telephone,71170,https://www.wikidata.org/wiki/Q1170527,"Menotti, Giancarlo",9613
Gianni Schicchi,71171,https://www.wikidata.org/wiki/Q727868,"Puccini, Giacomo",9628
Gianni Schicchi,71171,https://www.wikidata.org/wiki/Q727868,"Forzano, Giovacchino",9773
La buona figliuola,71172,https://www.wikidata.org/wiki/Q1152704,"Piccinni, Niccolò",17098
La buona figliuola,71172,https://www.wikidata.org/wiki/Q1152704,"Goldoni, Carlo",9777
morbid jealousy,71175,https://www.wikidata.org/wiki/Q901048,"Caine, Uri",11474
morbid jealousy,71175,https://www.wikidata.org/wiki/Q901048,"Verdi, Giuseppe",9641
morbid jealousy,71175,https://www.wikidata.org/wiki/Q901048,"Shakespeare, William",10325
display case,71182,https://www.wikidata.org/wiki/Q3561331,AA. VV.,12613
Victor/Victoria,71201,https://www.wikidata.org/wiki/Q2435604,"Mancini, Henry",17407
Victor/Victoria,71201,https://www.wikidata.org/wiki/Q2435604,"Edwards, Blake",17409
polo neck,71203,https://www.wikidata.org/wiki/Q1544262,"Thaemlitz, Terre",17415
five,71206,https://www.wikidata.org/wiki/Q2972841,"Cage, John",9977
The Cubes,71208,https://www.wikidata.org/wiki/Q131199610,"Schwartz, Laurie",17419
draft,71209,https://www.wikidata.org/wiki/Q31603,"Friedl, Reinhold",17420
Vittor Pisani,71223,https://www.wikidata.org/wiki/Q109241342,"Peri, Achille",17533
district of Bangladesh,71226,https://www.wikidata.org/wiki/Q152732,"Lari, Dante",17537
Il ritorno d'Ulisse in patria,71228,https://www.wikidata.org/wiki/Q907047,"Mattioli, Guglielmo",17534
Il ritorno d'Ulisse in patria,71228,https://www.wikidata.org/wiki/Q907047,"Campanini, Naborre",17539
Una follia,71241,https://www.wikidata.org/wiki/Q845828,"Donizetti, Gaetano",9596
Parisina,71242,https://www.wikidata.org/wiki/Q652926,"Donizetti, Gaetano",9596
Parisina,71242,https://www.wikidata.org/wiki/Q652926,"Byron, George Gordon",11160
plaintext,71250,https://www.wikidata.org/wiki/Q1162538,"Riley, Terry",11381
Orlando,71253,https://www.wikidata.org/wiki/Q946701,"Händel, Georg Friedrich",9603
Orlando,71253,https://www.wikidata.org/wiki/Q946701,"Haym, Nicola Francesco",9800
Orlando,71253,https://www.wikidata.org/wiki/Q946701,"Capeci, Carlo Sigismondo",9961
The Land of Smiles,71262,https://www.wikidata.org/wiki/Q53712,"Lehár, Franz",9861
The Land of Smiles,71262,https://www.wikidata.org/wiki/Q53712,"Herzer, L.",17792
The Land of Smiles,71262,https://www.wikidata.org/wiki/Q53712,"Löhner-Beda, Fritz",17793
ligature,71264,https://www.wikidata.org/wiki/Q188725,"Kurtág, György",9972
Suor Angelica,71270,https://www.wikidata.org/wiki/Q769394,"Puccini, Giacomo",9628
Suor Angelica,71270,https://www.wikidata.org/wiki/Q769394,"Forzano, Giovacchino",9773
Il tabarro,71271,https://www.wikidata.org/wiki/Q468235,"Puccini, Giacomo",9628
Il tabarro,71271,https://www.wikidata.org/wiki/Q468235,"Adami, Giuseppe",9895
Il pirata,71272,https://www.wikidata.org/wiki/Q467292,"Bellini, Vincenzo",9582
Il pirata,71272,https://www.wikidata.org/wiki/Q467292,"Romani, Felice",9648
Le siège de Corinthe,71273,https://www.wikidata.org/wiki/Q669125,"Rossini, Gioachino",9633
Le siège de Corinthe,71273,https://www.wikidata.org/wiki/Q669125,"Balocchi, Luigi",10904
Le siège de Corinthe,71273,https://www.wikidata.org/wiki/Q669125,"Soumet, Alexandre",17840
Le siège de Corinthe,71273,https://www.wikidata.org/wiki/Q669125,"Della Valle, Cesare",17841
L'Africaine,71274,https://www.wikidata.org/wiki/Q784719,"Meyerbeer, Giacomo",9615
L'Africaine,71274,https://www.wikidata.org/wiki/Q784719,"Scribe, Eugène",9644
Les Huguenots,71275,https://www.wikidata.org/wiki/Q466848,"Meyerbeer, Giacomo",9615
Les Huguenots,71275,https://www.wikidata.org/wiki/Q466848,"Scribe, Eugène",9644
The Demon,71276,https://www.wikidata.org/wiki/Q2623107,"Rubinštein, Anton",9925
The Demon,71276,https://www.wikidata.org/wiki/Q2623107,"Majkov, Apollon Nikolaevic",17428
The Demon,71276,https://www.wikidata.org/wiki/Q2623107,"Vieskovaty, Pavel",17851
The Demon,71276,https://www.wikidata.org/wiki/Q2623107,"Lermontov, Michail J.",17852
Halka,71277,https://www.wikidata.org/wiki/Q592291,"Moniuszko, Stanislaw",17853
Halka,71277,https://www.wikidata.org/wiki/Q592291,"Wolski, Wlodzimierz",17854
Alceste,71278,https://www.wikidata.org/wiki/Q1046495,"Gluck, Christoph Willibald",9601
Alceste,71278,https://www.wikidata.org/wiki/Q1046495,"Calzabigi, Ranieri de'",9788
Alceste,71278,https://www.wikidata.org/wiki/Q1046495,Euripide,31767
Der Rosenkavalier,71279,https://www.wikidata.org/wiki/Q471240,"Strauss, Richard",9639
Mireille,71280,https://www.wikidata.org/wiki/Q843042,"Gounod, Charles",9602
Mireille,71280,https://www.wikidata.org/wiki/Q843042,"Carré, Michel",9701
Mireille,71280,https://www.wikidata.org/wiki/Q843042,"Mistral, Frédéric",17860
Venice,71282,https://www.wikidata.org/wiki/Q7919970,"Fennesz, Christian",17903
Venice,71282,https://www.wikidata.org/wiki/Q7919970,"Wozencroft, Jon",17904
Royal Navy C4I system,71288,https://www.wikidata.org/wiki/Q11286394,"Ikeda, Ryoji",17951
Montag aus Licht,71290,https://www.wikidata.org/wiki/Q6903150,"Stockhausen, Karlheinz",9976
Sonntag aus Licht,71293,https://www.wikidata.org/wiki/Q7561983,"Stockhausen, Karlheinz",9976
Freitag aus Licht,71294,https://www.wikidata.org/wiki/Q8012945,"Stockhausen, Karlheinz",9976
Algorithms for Recovery and Isolation Exploiting Semantics,71295,https://www.wikidata.org/wiki/Q296649,"Stockhausen, Karlheinz",9976
Mittwoch aus Licht,71296,https://www.wikidata.org/wiki/Q6883575,"Stockhausen, Karlheinz",9976
Our Lady Day (Harvest),71299,https://www.wikidata.org/wiki/Q113470547,"Piparo, Massimo Romeo",11186
Our Lady Day (Harvest),71299,https://www.wikidata.org/wiki/Q113470547,"Porter, Cole",10309
Our Lady Day (Harvest),71299,https://www.wikidata.org/wiki/Q113470547,"Ellington, Duke",13706
Our Lady Day (Harvest),71299,https://www.wikidata.org/wiki/Q113470547,"Stewart, Amii",17993
Our Lady Day (Harvest),71299,https://www.wikidata.org/wiki/Q113470547,"Holiday, Billie",17994
Il ritorno d'Ulisse in patria,71301,https://www.wikidata.org/wiki/Q907047,"Monteverdi, Claudio",9617
Il ritorno d'Ulisse in patria,71301,https://www.wikidata.org/wiki/Q907047,"Badoaro, Giacomo",9847
vinta,71302,https://www.wikidata.org/wiki/Q3548153,AA. VV.,12613
Peer Gynt,71303,https://www.wikidata.org/wiki/Q20706555,"Grieg, Edvard",9887
Peer Gynt,71303,https://www.wikidata.org/wiki/Q20706555,"Ibsen, Henrik",10194
Wiener Blut,71315,https://www.wikidata.org/wiki/Q1931598,"Strauss, Johann",9638
Wiener Blut,71315,https://www.wikidata.org/wiki/Q1931598,"Léon, Viktor",12193
Wiener Blut,71315,https://www.wikidata.org/wiki/Q1931598,"Stein, Leo",12194
Eine Nacht in Venedig,71318,https://www.wikidata.org/wiki/Q1306554,"Strauss, Johann",9638
Eine Nacht in Venedig,71318,https://www.wikidata.org/wiki/Q1306554,"Genée, Franz Friedrich Richard",11174
Eine Nacht in Venedig,71318,https://www.wikidata.org/wiki/Q1306554,"Zell, Franz",36209
guerrilla warfare,71320,https://www.wikidata.org/wiki/Q80895,"Kreisler, Fritz",18338
guerrilla warfare,71320,https://www.wikidata.org/wiki/Q80895,"Marischka, Ernst",18339
guerrilla warfare,71320,https://www.wikidata.org/wiki/Q80895,"Marischka, Hubert",18340
Rose-Marie,71321,https://www.wikidata.org/wiki/Q2001175,"Friml, Rudolf",18343
Rose-Marie,71321,https://www.wikidata.org/wiki/Q2001175,"Stothart, Herbert",18344
Rose-Marie,71321,https://www.wikidata.org/wiki/Q2001175,"Harbach, Otto",17153
Rose-Marie,71321,https://www.wikidata.org/wiki/Q2001175,"Hammerstein II, Oscar",18345
Il gran Tamerlano,71331,https://www.wikidata.org/wiki/Q930452,"Myslivecek, Josef",18492
Il gran Tamerlano,71331,https://www.wikidata.org/wiki/Q930452,"Piovene, Agostino",18493
Il matrimonio segreto,71332,https://www.wikidata.org/wiki/Q428319,"Cimarosa, Domenico",9593
Il matrimonio segreto,71332,https://www.wikidata.org/wiki/Q428319,"Bertati, Giovanni",9732
Démophoon,71345,https://www.wikidata.org/wiki/Q5802281,"Cherubini, Luigi",9591
Démophoon,71345,https://www.wikidata.org/wiki/Q5802281,"Marmontel, Jean-François",12697
Anacréon,71346,https://www.wikidata.org/wiki/Q54996940,"Cherubini, Luigi",9591
Anacréon,71346,https://www.wikidata.org/wiki/Q54996940,"Mendouze, C.R.",36201
The Beggar's Opera,71354,https://www.wikidata.org/wiki/Q1472110,"Pepusch, Johann Christoph",18513
The Beggar's Opera,71354,https://www.wikidata.org/wiki/Q1472110,"Gay, John",9798
The Beggar's Opera,71354,https://www.wikidata.org/wiki/Q1472110,"Britten, Benjamin",31624
From the House of the Dead,71355,https://www.wikidata.org/wiki/Q777727,"Janácek, Leós",9607
From the House of the Dead,71355,https://www.wikidata.org/wiki/Q777727,"Dostoevskij, Fëdor Michailovic",10328
"Oberto, conte di San Bonifacio",71356,https://www.wikidata.org/wiki/Q636873,"Verdi, Giuseppe",9641
"Oberto, conte di San Bonifacio",71356,https://www.wikidata.org/wiki/Q636873,"Solera, Temistocle",9970
Super flumina Babylonis,71367,https://www.wikidata.org/wiki/Q19168778,"Palestrina, Giovanni Pierluigi da",10966
Alcido,71390,https://www.wikidata.org/wiki/Q26405264,"Bortnjanskij, Dmitrij Stepanovic",18584
Alcido,71390,https://www.wikidata.org/wiki/Q26405264,"Metastasio, Pietro",9815
Ave Maria,71409,https://www.wikidata.org/wiki/Q15982418,"Arcadelt, Jacques",18599
Fifth Sunday of Easter.,71420,https://www.wikidata.org/wiki/Q4165972,"Cavalli, Francesco",18608
Jenůfa,71437,https://www.wikidata.org/wiki/Q1196783,"Janácek, Leós",9607
Jenůfa,71437,https://www.wikidata.org/wiki/Q1196783,"Preissová, Gabriela",9808
Billy Budd,71447,https://www.wikidata.org/wiki/Q803767,"Britten, Benjamin",31624
Billy Budd,71447,https://www.wikidata.org/wiki/Q803767,"Crozier, Eric",9704
Billy Budd,71447,https://www.wikidata.org/wiki/Q803767,"Forster, E. M.",18867
largo,71467,https://www.wikidata.org/wiki/Q1805930,"Händel, Georg Friedrich",9603
Bastien und Bastienne,71472,https://www.wikidata.org/wiki/Q791268,"Mozart, Wolfgang Amadeus",9618
Bastien und Bastienne,71472,https://www.wikidata.org/wiki/Q791268,"Weiskern, Friedrich Wilhelm",9848
Francesca da Rimini,71473,https://www.wikidata.org/wiki/Q2718706,"Zandonai, Riccardo",19109
Francesca da Rimini,71473,https://www.wikidata.org/wiki/Q2718706,"D'Annunzio, Gabriele",10697
Il Capitan Spavento,71477,https://www.wikidata.org/wiki/Q109002411,"Malipiero, Gianfrancesco",10978
Il Capitan Spavento,71477,https://www.wikidata.org/wiki/Q109002411,Ruzante,17248
Il Capitan Spavento,71477,https://www.wikidata.org/wiki/Q109002411,"Fatouville, Nolant de",19163
Lady Macbeth of the Mtsensk District,71479,https://www.wikidata.org/wiki/Q48614,"Šostakovič, Dmitrij",10466
Lady Macbeth of the Mtsensk District,71479,https://www.wikidata.org/wiki/Q48614,"Prejs, Aleksandr",18470
Lady Macbeth of the Mtsensk District,71479,https://www.wikidata.org/wiki/Q48614,"Leskov, Nikolaj Semënovic",19167
Hänsel und Gretel,71480,https://www.wikidata.org/wiki/Q1099668,"Humperdinck, Engelbert",9606
Hänsel und Gretel,71480,https://www.wikidata.org/wiki/Q1099668,"Wette, Adelheid",9807
The Bartered Bride,71482,https://www.wikidata.org/wiki/Q907745,"Smetana, Bedrich",12431
The Bartered Bride,71482,https://www.wikidata.org/wiki/Q907745,"Sabina, Karel",19233
The Greek Passion,71483,https://www.wikidata.org/wiki/Q3133339,"Martinu, Bohuslav",11351
The Greek Passion,71483,https://www.wikidata.org/wiki/Q3133339,"Kazantzakis, Nikos",19239
String Quartet,71489,https://www.wikidata.org/wiki/Q131686577,"Kyburz, Hanspeter",19346
L'enfant et les sortilèges,71491,https://www.wikidata.org/wiki/Q267467,"Ravel, Maurice",9631
L'enfant et les sortilèges,71491,https://www.wikidata.org/wiki/Q267467,Colette,9904
The Barber of Seville,71495,https://www.wikidata.org/wiki/Q1192391,"Paisiello, Giovanni",9623
The Barber of Seville,71495,https://www.wikidata.org/wiki/Q1192391,"Petrosellini, Giuseppe",9731
Die Herzogin von Chicago,71497,https://www.wikidata.org/wiki/Q3822207,"Kálmán, Emmerich",18335
Die Herzogin von Chicago,71497,https://www.wikidata.org/wiki/Q3822207,"Grünwald, Alfred",18362
Die Herzogin von Chicago,71497,https://www.wikidata.org/wiki/Q3822207,"Brammer, Julius",19488
Job: A Masque for Dancing,71500,https://www.wikidata.org/wiki/Q425722,"Dallapiccola, Luigi",11138
Benvenuto Cellini,71526,https://www.wikidata.org/wiki/Q277846,"Berlioz, Hector",9583
Benvenuto Cellini,71526,https://www.wikidata.org/wiki/Q277846,"Wailly, Léon de",9689
Benvenuto Cellini,71526,https://www.wikidata.org/wiki/Q277846,"Barbier, Auguste",9690
Tancrède,71530,https://www.wikidata.org/wiki/Q3514991,"Campra, André",19907
Pigmalion,71531,https://www.wikidata.org/wiki/Q2718325,"Rameau, Jean-Philippe",9630
Fantasia,71540,https://www.wikidata.org/wiki/Q1395855,"Pachelbel, Johann",19916
Assassinio nella cattedrale,71546,https://www.wikidata.org/wiki/Q3625401,"Pizzetti, Ildebrando",10997
Assassinio nella cattedrale,71546,https://www.wikidata.org/wiki/Q3625401,"Eliot, Thomas Stearns",15993
Káťa Kabanová,71547,https://www.wikidata.org/wiki/Q1322339,"Janácek, Leós",9607
La finta giardiniera,71602,https://www.wikidata.org/wiki/Q785991,"Mozart, Wolfgang Amadeus",9618
Rags,71620,https://www.wikidata.org/wiki/Q7283223,AA. VV.,12613
imperial crown,71629,https://www.wikidata.org/wiki/Q1220245,"Walton, William Turner",13019
firework,71635,https://www.wikidata.org/wiki/Q127933,"Howarth, Elgar",20151
fob,71645,https://www.wikidata.org/wiki/Q29583201,"Arditi, Luigi",9792
oyster sauce,71647,https://www.wikidata.org/wiki/Q780827,"Denza, Luigi",20176
The Cuckoo Murder Case,71649,https://www.wikidata.org/wiki/Q106497297,"Lehmann, Liza",20177
WWA Trios Championship,71662,https://www.wikidata.org/wiki/Q4017439,"Rava, Enrico",20181
WWA Trios Championship,71662,https://www.wikidata.org/wiki/Q4017439,"Parker, Evan",20183
WWA Trios Championship,71662,https://www.wikidata.org/wiki/Q4017439,"Guy, Barry",20188
WWA Trios Championship,71662,https://www.wikidata.org/wiki/Q4017439,"Iannaccone, Michele",20189
aviation safety incident cause,71663,https://www.wikidata.org/wiki/Q19914147,"Wheeler, Kenny",20180
Lighea,71667,https://www.wikidata.org/wiki/Q109242863,"Schiaffini, Giancarlo",11460
Lighea,71667,https://www.wikidata.org/wiki/Q109242863,"Wheeler, Kenny",20180
Lighea,71667,https://www.wikidata.org/wiki/Q109242863,"Rutherford, Paul",20182
Lighea,71667,https://www.wikidata.org/wiki/Q109242863,"Parker, Evan",20183
Lighea,71667,https://www.wikidata.org/wiki/Q109242863,"Guy, Barry",20188
high speed steel,71669,https://www.wikidata.org/wiki/Q1127242,"Stephens, Denzil",20149
albertite,71670,https://www.wikidata.org/wiki/Q301382,"Stephens, Denzil",20149
Les Francs-juges,71672,https://www.wikidata.org/wiki/Q285689,"Berlioz, Hector",9583
Prometheus,71678,https://www.wikidata.org/wiki/Q7249725,"Ferneyhough, Brian",20197
Хронология гибели «Титаника»,71679,https://www.wikidata.org/wiki/Q16714847,"Bryars, Gavin",13472
ghillie,71680,https://www.wikidata.org/wiki/Q3104852,"Maxwell Davies, Peter",13018
dot-com company,71729,https://www.wikidata.org/wiki/Q1194970,"Asher, Meira",20244
pedestrian crossing,71731,https://www.wikidata.org/wiki/Q8010,"Asher, Meira",20244
pedestrian crossing,71731,https://www.wikidata.org/wiki/Q8010,"Harries, Guy",20246
buildings,71732,https://www.wikidata.org/wiki/Q43694649,"Harries, Guy",20246
1000 Airplanes on the Roof,71735,https://www.wikidata.org/wiki/Q1117683,"Asher, Meira",20244
Luanda Sul,71737,https://www.wikidata.org/wiki/Q1872772,"Asher, Meira",20244
plague column,71739,https://www.wikidata.org/wiki/Q26789694,"Harries, Guy",20246
Totsuka-no-Tsurugi,71741,https://www.wikidata.org/wiki/Q2628318,"Harries, Guy",20246
Totsuka-no-Tsurugi,71741,https://www.wikidata.org/wiki/Q2628318,"Asher, Meira",20244
Countess Maritza,71742,https://www.wikidata.org/wiki/Q1551462,"Kálmán, Emmerich",18335
Countess Maritza,71742,https://www.wikidata.org/wiki/Q1551462,"Grünwald, Alfred",18362
Countess Maritza,71742,https://www.wikidata.org/wiki/Q1551462,"Brammer, Julius",19488
Rita,71743,https://www.wikidata.org/wiki/Q838597,"Donizetti, Gaetano",9596
Lo speziale,71744,https://www.wikidata.org/wiki/Q470695,"Haydn, Franz Joseph",9604
Lo speziale,71744,https://www.wikidata.org/wiki/Q470695,"Goldoni, Carlo",9777
La damnation de Faust,71745,https://www.wikidata.org/wiki/Q1144992,"Berlioz, Hector",9583
La damnation de Faust,71745,https://www.wikidata.org/wiki/Q1144992,"Gandonnière, Almire",9693
La damnation de Faust,71745,https://www.wikidata.org/wiki/Q1144992,"Nerval, Gérard de",9694
La damnation de Faust,71745,https://www.wikidata.org/wiki/Q1144992,"Goetze, Walter W.",9948
Romeo and Juliet,71746,https://www.wikidata.org/wiki/Q911487,"Prokof'ev, Sergej",9627
Il figliuol prodigo,71749,https://www.wikidata.org/wiki/Q109002307,"Malipiero, Gianfrancesco",10978
Il figliuol prodigo,71749,https://www.wikidata.org/wiki/Q109002307,"Castellano de' Castellani, Pierozzo",20930
hourglass,71753,https://www.wikidata.org/wiki/Q179904,"Romitelli, Fausto",11445
absolute value,71768,https://www.wikidata.org/wiki/Q120812,"Lanza, Mauro",23084
role,71770,https://www.wikidata.org/wiki/Q1707847,"Agostini, Andrea",12350
La barcarola,71818,https://www.wikidata.org/wiki/Q109241912,"Tansman, Alexandre",11107
Romanza,71820,https://www.wikidata.org/wiki/Q3940750,Anonimo (XVIII sec.),18605
Bourrée Fantasque,71822,https://www.wikidata.org/wiki/Q135403005,"Bach, Johann Sebastian",9882
magnification,71878,https://www.wikidata.org/wiki/Q675287,"Radom, Nicolaus de",23572
Fantasia,71884,https://www.wikidata.org/wiki/Q1395855,"Cato, Diomedes",23568
diplomatic mission,71904,https://www.wikidata.org/wiki/Q213283,"Morricone, Ennio",10368
Ercole su'l Termodonte,71906,https://www.wikidata.org/wiki/Q2541686,"Vivaldi, Antonio",9666
Ercole su'l Termodonte,71906,https://www.wikidata.org/wiki/Q2541686,"Bussani, Giacomo Francesco",9799
Paride ed Elena,71908,https://www.wikidata.org/wiki/Q3810521,"Gluck, Christoph Willibald",9601
Paride ed Elena,71908,https://www.wikidata.org/wiki/Q3810521,"Calzabigi, Ranieri de'",9788
Poetical Remains of the Late Mrs Hemans/A Prayer,71912,https://www.wikidata.org/wiki/Q115005949,"Bonaguri, Piero",23626
L'ajo nell'imbarazzo,71919,https://www.wikidata.org/wiki/Q463726,"Donizetti, Gaetano",9596
bird vocalization,71930,https://www.wikidata.org/wiki/Q1126556,"Diepenbrock, Alphons",23633
bird vocalization,71930,https://www.wikidata.org/wiki/Q1126556,Aristofane,22459
bird vocalization,71971,https://www.wikidata.org/wiki/Q1126556,"Janequin, Clément",23676
Ave Maria,71972,https://www.wikidata.org/wiki/Q15982418,"Kodály, Zoltán",11073
Addio giovinezza!,71983,https://www.wikidata.org/wiki/Q2824148,"Bartók, Béla",9580
Volo di notte,71985,https://www.wikidata.org/wiki/Q915455,"Farkas, Ferenc",23660
Experimentum mundi,71993,https://www.wikidata.org/wiki/Q109243764,"Battistelli, Giorgio",11067
This is the list,72001,https://www.wikidata.org/wiki/Q109243700,"Myslivecek, Josef",18492
Cantilenae Intelectuales de Phoenice Redivivo,72011,https://www.wikidata.org/wiki/Q119166311,"Villa-Lobos, Heitor",11037
threaded rod,72035,https://www.wikidata.org/wiki/Q1607557,"Dvorák, Antonín",9771
Il carnevale di Venezia,72038,https://www.wikidata.org/wiki/Q17632802,"Trojan, Václav",23787
Valse Triste,72041,https://www.wikidata.org/wiki/Q7912618,"Sibelius, Jean",11175
wakefulness,72053,https://www.wikidata.org/wiki/Q246710,"Stockhausen, Karlheinz",9976
free software license,72067,https://www.wikidata.org/wiki/Q3943414,"Bárdos, Lajos",23813
Stabat Mater,72071,https://www.wikidata.org/wiki/Q19055010,"Kodály, Zoltán",11073
Stately quadrille,72090,https://www.wikidata.org/wiki/Q7603950,"Ščedrin, Rodjon",13483
soldering or brazing,72155,https://www.wikidata.org/wiki/Q211387,"Merula, Tarquinio",13393
postpartum period,72156,https://www.wikidata.org/wiki/Q749115,"Marais, Marin",13414
Fantasia,72159,https://www.wikidata.org/wiki/Q1395855,"Hilton, John",24041
continuum,72162,https://www.wikidata.org/wiki/Q1129025,"Serocki, Kazimierz",24045
Salve Regina,72168,https://www.wikidata.org/wiki/Q19167138,"Myslivecek, Josef",18492
Addio giovinezza!,72174,https://www.wikidata.org/wiki/Q2824148,"Brahms, Johannes",9920
La ninna nanna della bambola,72175,https://www.wikidata.org/wiki/Q109002475,"Brahms, Johannes",9920
Un intervento notturno,72177,https://www.wikidata.org/wiki/Q109002305,"Myslivecek, Josef",18492
L'amor d'amico vince ogni altro amore,72196,https://www.wikidata.org/wiki/Q55064630,"Scarlatti, Alessandro",9634
L'amor d'amico vince ogni altro amore,72196,https://www.wikidata.org/wiki/Q55064630,"Morselli, Adriano",24062
spiritual practice,72224,https://www.wikidata.org/wiki/Q2270606,AA. VV.,12613
Eduardo e Cristina,72259,https://www.wikidata.org/wiki/Q898577,"Rossini, Gioachino",9633
Eduardo e Cristina,72259,https://www.wikidata.org/wiki/Q898577,"Schmidt, Giovanni",9913
Eduardo e Cristina,72259,https://www.wikidata.org/wiki/Q898577,"Tottola, Leone Andrea",9932
Guglielmo Ratcliff,72260,https://www.wikidata.org/wiki/Q578781,"Mascagni, Pietro",9611
Guglielmo Ratcliff,72260,https://www.wikidata.org/wiki/Q578781,"Maffei, Andrea",9822
Guglielmo Ratcliff,72260,https://www.wikidata.org/wiki/Q578781,"Heine, Heinrich",9821
Nativity: A Life Story,72294,https://www.wikidata.org/wiki/Q6980120,"Hughes, Langston",12681
Amuri Plain,72305,https://www.wikidata.org/wiki/Q32117060,"Scarpa, Eugenia",11193
Alma Redemptoris Mater,72312,https://www.wikidata.org/wiki/Q124339142,"Palestrina, Giovanni Pierluigi da",10966
Confession of Peter,72317,https://www.wikidata.org/wiki/Q5159991,"Heller, Stephen",24227
Incontro con Rilke,72318,https://www.wikidata.org/wiki/Q24190453,"Veneziani, Vittore",24228
La Loca,72320,https://www.wikidata.org/wiki/Q12032417,Anonimo,34011
biosphere reserve,72321,https://www.wikidata.org/wiki/Q61453609,"Jenssen, Geir",24239
Nobilissima Visione,72329,https://www.wikidata.org/wiki/Q3342523,"Hindemith, Paul",12258
Siberia,72330,https://www.wikidata.org/wiki/Q2292268,"Giordano, Umberto",9599
Siberia,72330,https://www.wikidata.org/wiki/Q2292268,"Illica, Luigi",9710
Cervelle de canut,72333,https://www.wikidata.org/wiki/Q554,"Ferrat, Jean",24297
Le Mondial du tatouage,72334,https://www.wikidata.org/wiki/Q97367957,"Legrand, Michel",24298
Le Mondial du tatouage,72334,https://www.wikidata.org/wiki/Q97367957,"Drejac, Jean",24299
La memoria perduta,72350,https://www.wikidata.org/wiki/Q109242871,"Bihari, János",24340
Iphigénie en Aulide,72355,https://www.wikidata.org/wiki/Q248892,"Gluck, Christoph Willibald",9601
Iphigénie en Aulide,72355,https://www.wikidata.org/wiki/Q248892,"Gaud Leblanc du Roullet, Marie-François-Louis",24466
Iphigénie en Aulide,72355,https://www.wikidata.org/wiki/Q248892,"Racine, Jean",15941
Armide,72356,https://www.wikidata.org/wiki/Q777582,"Gluck, Christoph Willibald",9601
Armide,72356,https://www.wikidata.org/wiki/Q777582,"Quinault, Philippe",24467
Iphigénie en Tauride,72361,https://www.wikidata.org/wiki/Q687822,"Gluck, Christoph Willibald",9601
Iphigénie en Tauride,72361,https://www.wikidata.org/wiki/Q687822,"Guillard, Nicolas-François",9789
La danza delle Libellule,72364,https://www.wikidata.org/wiki/Q62561176,"Lehár, Franz",9861
La danza delle Libellule,72364,https://www.wikidata.org/wiki/Q62561176,"Lombardo, Carlo",12385
La Cage aux Folles,72366,https://www.wikidata.org/wiki/Q2035179,"Herman, Jerry",24814
La Cage aux Folles,72366,https://www.wikidata.org/wiki/Q2035179,"Fierstein, Harvey",24815
Quartetto per archi op. 4 n. 1,72367,https://www.wikidata.org/wiki/Q3927149,"Erkin, Ulvi Cemal",24838
Lost in the Stars,72382,https://www.wikidata.org/wiki/Q1338894,"Weill, Kurt",10367
my ship sails,72383,https://www.wikidata.org/wiki/Q65059751,"Weill, Kurt",10367
Olimpie,72390,https://www.wikidata.org/wiki/Q1351509,"Kraus, Joseph Martin",24879
Olimpie,72390,https://www.wikidata.org/wiki/Q1351509,"Kellgren, Johan Henrik",24880
Syro Sadun Settimino,72412,https://www.wikidata.org/wiki/Q109243944,"Clementi, Aldo",11136
Las medias de una criada,72414,https://www.wikidata.org/wiki/Q19453927,"Garcia, Victor",25023
Der Graf von Luxemburg,72415,https://www.wikidata.org/wiki/Q663965,"Lehár, Franz",9861
Der Graf von Luxemburg,72415,https://www.wikidata.org/wiki/Q663965,"Willner, Alfred M.",25070
Der Graf von Luxemburg,72415,https://www.wikidata.org/wiki/Q663965,"Bodansky, Robert",25071
Frasquita,72416,https://www.wikidata.org/wiki/Q957939,"Lehár, Franz",9861
Frasquita,72416,https://www.wikidata.org/wiki/Q957939,"Willner, Alfred M.",25070
Frasquita,72416,https://www.wikidata.org/wiki/Q957939,"Reichert, Heinz",25092
L’Alidoro,72418,https://www.wikidata.org/wiki/Q20639715,"Leo, Leonardo",15834
L’Alidoro,72418,https://www.wikidata.org/wiki/Q20639715,"Federico, Gennaro Antonio",9871
Peter Pan,72419,https://www.wikidata.org/wiki/Q7176280,"Bennato, Edoardo",25277
Peter Pan,72419,https://www.wikidata.org/wiki/Q7176280,"Colombi, Maurizio",25276
Peter Pan,72419,https://www.wikidata.org/wiki/Q7176280,"Barrie, James Matthew",24399
Grease,72427,https://www.wikidata.org/wiki/Q611626,"Jacobs, Jim",25387
Grease,72427,https://www.wikidata.org/wiki/Q611626,"Casey, Warren",25388
bantustan,72441,https://www.wikidata.org/wiki/Q190354,"Anderson, Laurie",13818
Psiche,72446,https://www.wikidata.org/wiki/Q131554247,"Conte, Paolo",11743
Ball at the Savoy,72454,https://www.wikidata.org/wiki/Q176625,"Ábráham, Pál",18363
Ball at the Savoy,72454,https://www.wikidata.org/wiki/Q176625,"Löhner-Beda, Fritz",17793
Ball at the Savoy,72454,https://www.wikidata.org/wiki/Q176625,"Grünwald, Alfred",18362
L'Orfeo,72461,https://www.wikidata.org/wiki/Q724008,"Monteverdi, Claudio",9617
L'Orfeo,72461,https://www.wikidata.org/wiki/Q724008,"Striggio, Alessandro",9846
nonlinear system,72479,https://www.wikidata.org/wiki/Q660848,"Wolff, Christian",25807
oral exam,72486,https://www.wikidata.org/wiki/Q7099387,"Harjo, Joy",25810
piano stool,72490,https://www.wikidata.org/wiki/Q3212175,"Sakamoto, Ryuichi",11149
man,72503,https://www.wikidata.org/wiki/Q8441,"Piazzolla, Astor",13252
Jesus Christ Superstar,72533,https://www.wikidata.org/wiki/Q242667,"Lloyd Webber, Andrew",15385
Jesus Christ Superstar,72533,https://www.wikidata.org/wiki/Q242667,"Rice, Tim",15384
Zoluška,72534,https://www.wikidata.org/wiki/Q144545,"Rodgers, Richard",18073
Zoluška,72534,https://www.wikidata.org/wiki/Q144545,"Hammerstein II, Oscar",18345
La vera costanza,72543,https://www.wikidata.org/wiki/Q753287,"Haydn, Franz Joseph",9604
La vera costanza,72543,https://www.wikidata.org/wiki/Q753287,"Puttini, Francesco",26038
La vera costanza,72543,https://www.wikidata.org/wiki/Q753287,"Travaglia, Pietro",26039
Hair,72544,https://www.wikidata.org/wiki/Q1165499,"MacDermot, Galt",26057
Hair,72544,https://www.wikidata.org/wiki/Q1165499,"Ragni, James",26066
Hair,72544,https://www.wikidata.org/wiki/Q1165499,"Rado, James",26067
Cats,72547,https://www.wikidata.org/wiki/Q337097,"Lloyd Webber, Andrew",15385
Cats,72547,https://www.wikidata.org/wiki/Q337097,"Travaglio, Franco",26142
Cats,72547,https://www.wikidata.org/wiki/Q337097,"Eliot, Thomas Stearns",15993
Ballata,72548,https://www.wikidata.org/wiki/Q109243950,"Brahms, Johannes",9920
generation,72549,https://www.wikidata.org/wiki/Q213381,"Donatoni, Franco",10977
inter-Korean summits,72551,https://www.wikidata.org/wiki/Q485644,"De Angelis, Luigi",26161
inter-Korean summits,72551,https://www.wikidata.org/wiki/Q485644,"Lagani, Chiara",26162
inter-Korean summits,72551,https://www.wikidata.org/wiki/Q485644,"Grisey, Gérard",9975
inter-Korean summits,72551,https://www.wikidata.org/wiki/Q485644,"Reich, Steve",10957
inter-Korean summits,72551,https://www.wikidata.org/wiki/Q485644,"Xenakis, Iannis",10958
inter-Korean summits,72551,https://www.wikidata.org/wiki/Q485644,"Dowland, John",15802
inter-Korean summits,72551,https://www.wikidata.org/wiki/Q485644,"Baliani, Mirto",26164
inter-Korean summits,72551,https://www.wikidata.org/wiki/Q485644,"Lucier, Alvin",26165
Bright Star,72579,https://www.wikidata.org/wiki/Q21998379,"Sherwin, William Fiske",26205
Can-Can,72586,https://www.wikidata.org/wiki/Q378784,"Porter, Cole",10309
The Magic Flute,72595,https://www.wikidata.org/wiki/Q5064,"Mozart, Wolfgang Amadeus",9618
La Périchole,72616,https://www.wikidata.org/wiki/Q730336,"Offenbach, Jacques",9621
La Périchole,72616,https://www.wikidata.org/wiki/Q730336,"Meilhac, Henri",9696
La Périchole,72616,https://www.wikidata.org/wiki/Q730336,"Halévy, Ludovic",9865
Die Bajadere,72635,https://www.wikidata.org/wiki/Q2443758,"Kálmán, Emmerich",18335
Die Bajadere,72635,https://www.wikidata.org/wiki/Q2443758,"Grünwald, Alfred",18362
Die Bajadere,72635,https://www.wikidata.org/wiki/Q2443758,"Brammer, Julius",19488
Sarabanda,72659,https://www.wikidata.org/wiki/Q15726331,"Buxtehude, Dietrich",18915
Einstein on the Beach,72674,https://www.wikidata.org/wiki/Q2291287,"Wilson, Robert",10202
Einstein on the Beach,72674,https://www.wikidata.org/wiki/Q2291287,"Glass, Philip",13358
Einstein on the Beach,72674,https://www.wikidata.org/wiki/Q2291287,"Childs, Lucinda",25350
Einstein on the Beach,72674,https://www.wikidata.org/wiki/Q2291287,"Knowles, Christopher",26735
Einstein on the Beach,72674,https://www.wikidata.org/wiki/Q2291287,"Johnson, Samuel M.",26736
I promessi sposi,72692,https://www.wikidata.org/wiki/Q3791176,"Flora, Pippo",26855
I promessi sposi,72692,https://www.wikidata.org/wiki/Q3791176,"Manzoni, Alessandro",13430
Le Bœuf Apis,72694,https://www.wikidata.org/wiki/Q117663023,"Pasculli, Antonio",25901
VB5 interface,72710,https://www.wikidata.org/wiki/Q7906581,"Slonimsky, Nicolas",15975
practical joke,72711,https://www.wikidata.org/wiki/Q931092,"Prokof'ev, Sergej",9627
The Full Monty,72730,https://www.wikidata.org/wiki/Q773823,"Yazbek, David",27168
The Full Monty,72730,https://www.wikidata.org/wiki/Q773823,"McNally, Terrence",27169
prevenient grace,72732,https://www.wikidata.org/wiki/Q3268825,AA. VV.,12613
Miscellanea Historica Hibernica,72737,https://www.wikidata.org/wiki/Q6875209,"Davis, Miles",18196
The Phantom of the Opera,72749,https://www.wikidata.org/wiki/Q382353,"Zamboni, Massimo",26021
The Phantom of the Opera,72749,https://www.wikidata.org/wiki/Q382353,"Maroccolo, Gianni",27322
The Phantom of the Opera,72749,https://www.wikidata.org/wiki/Q382353,"Magnelli, Francesco",27323
Brundibár,72761,https://www.wikidata.org/wiki/Q565663,"Krása, Hans",27399
Brundibár,72761,https://www.wikidata.org/wiki/Q565663,"Hoffmeister, Adolf",27400
"New York, New York",72779,https://www.wikidata.org/wiki/Q116609206,"Kander, John",11985
"New York, New York",72779,https://www.wikidata.org/wiki/Q116609206,"Ebb, Fred",11986
Spring Awakening,72783,https://www.wikidata.org/wiki/Q579927,"Sheik, Duncan",27678
Spring Awakening,72783,https://www.wikidata.org/wiki/Q579927,"Sater, Steven",27677
Spring Awakening,72783,https://www.wikidata.org/wiki/Q579927,"Wedekind, Frank",11265
Bergakungen,72792,https://www.wikidata.org/wiki/Q31892642,"Alfvén, Hugo",27748
whitespace,72795,https://www.wikidata.org/wiki/Q591615,"Cage, John",9977
grave,72802,https://www.wikidata.org/wiki/Q173387,Jacob TV,27787
canonical normal form,72808,https://www.wikidata.org/wiki/Q2719417,"Schönberg, Arnold",10248
Apollo,72827,https://www.wikidata.org/wiki/Q619275,"Stravinskij, Igor'",9640
vacuum tube,72834,https://www.wikidata.org/wiki/Q3574371,"Ramadori, Leonardo",26883
spoon,72835,https://www.wikidata.org/wiki/Q81895,"Saveri, Gianluca",26884
psycological reaction,72837,https://www.wikidata.org/wiki/Q108000045,"Hermann, Bernard",28047
The Flying Dutchman,72845,https://www.wikidata.org/wiki/Q114640,"Falasconi, Federica",17676
The Flying Dutchman,72845,https://www.wikidata.org/wiki/Q114640,"Premoli, Alessandra",28079
The Flying Dutchman,72845,https://www.wikidata.org/wiki/Q114640,"Wagner, Richard",9642
saying,72859,https://www.wikidata.org/wiki/Q3026787,"Schubert, Franz",9872
Elektra,72867,https://www.wikidata.org/wiki/Q731927,"Strauss, Richard",9639
Rapunzel,72872,https://www.wikidata.org/wiki/Q47905836,"Magnabosco, Davide",28306
Rapunzel,72872,https://www.wikidata.org/wiki/Q47905836,"Procacci, Alex",28307
Rapunzel,72872,https://www.wikidata.org/wiki/Q47905836,"Barillari, Paolo",28308
Rapunzel,72872,https://www.wikidata.org/wiki/Q47905836,"Grimm, Jacob",19588
Rapunzel,72872,https://www.wikidata.org/wiki/Q47905836,"Grimm, Wilhelm",19589
Giordano Bruno,72885,https://www.wikidata.org/wiki/Q17047321,"Filidei, Francesco",23081
Giordano Bruno,72885,https://www.wikidata.org/wiki/Q17047321,"Busellato, Stefano",28444
Prólogo :Porque trobar,72924,https://www.wikidata.org/wiki/Q20750475,"Alfonso X ""el Sabio""",17808
clapstick,72934,https://www.wikidata.org/wiki/Q1095097,"Reich, Steve",10957
Surface Laptop Studio 2,72961,https://www.wikidata.org/wiki/Q131703463,"Nancarrow, Conlon",28981
Mamma Mia!,72982,https://www.wikidata.org/wiki/Q686861,"Andersson, Benny",29171
Mamma Mia!,72982,https://www.wikidata.org/wiki/Q686861,"Anderson, Stig ""Stikkan"" Erik Leopold",29172
Mamma Mia!,72982,https://www.wikidata.org/wiki/Q686861,"Ulvaeus, Björn",29175
The Little Sweep,72994,https://www.wikidata.org/wiki/Q467698,"Britten, Benjamin",31624
The Little Sweep,72994,https://www.wikidata.org/wiki/Q467698,"Crozier, Eric",9704
organization established by the United Nations,72998,https://www.wikidata.org/wiki/Q15285626,"Couperin, Francois",12532
silent short film,73016,https://www.wikidata.org/wiki/Q20667187,"Marangoni, Gabriele",29374
The Seven Deadly Sins,73018,https://www.wikidata.org/wiki/Q533623,"Veretti, Antonio",19950
Allez-Hop,73019,https://www.wikidata.org/wiki/Q31885096,"Berio, Luciano",10081
area,73023,https://www.wikidata.org/wiki/Q11500,"Pratt, Ryan",29436
Torneo notturno,73026,https://www.wikidata.org/wiki/Q7826113,"Roccato, Daniele",28137
Song of the Celts,73027,https://www.wikidata.org/wiki/Q7561152,"Guidi, Giovanni",28979
Quartetto per archi op. 4 n. 1,73058,https://www.wikidata.org/wiki/Q3927149,"Malipiero, Gianfrancesco",10978
Batuque,73136,https://www.wikidata.org/wiki/Q504296,"Fernandez, Oscar Lorenzo",23833
swarf,73163,https://www.wikidata.org/wiki/Q1225294,"Skalkottas, Nikolaos",32254
Sinfonia Educational Foundation,73185,https://www.wikidata.org/wiki/Q7522539,"Bruckner, Anton",10221
The Addams Family,73187,https://www.wikidata.org/wiki/Q2253601,"Lippa, Andrew",32397
The Addams Family,73187,https://www.wikidata.org/wiki/Q2253601,"Brickman, Marshall",29186
The Addams Family,73187,https://www.wikidata.org/wiki/Q2253601,"Elice, Rick",29187
The Addams Family,73187,https://www.wikidata.org/wiki/Q2253601,"Addams, Charles",32398
"Kiss Me, Kate",73189,https://www.wikidata.org/wiki/Q1330969,"Porter, Cole",10309
"Kiss Me, Kate",73189,https://www.wikidata.org/wiki/Q1330969,"Spewack, Sam",32440
"Kiss Me, Kate",73189,https://www.wikidata.org/wiki/Q1330969,"Spewack, Bella",32441
"Kiss Me, Kate",73189,https://www.wikidata.org/wiki/Q1330969,"Shakespeare, William",10325
Grazer Galopp,73190,https://www.wikidata.org/wiki/Q124261003,"Schubert, Franz",9872
Partitas for solo violin,73194,https://www.wikidata.org/wiki/Q3366963,"Paik, Nam June",32537
Broadway Blues,73197,https://www.wikidata.org/wiki/Q131765209,"Coleman, Ornette",12746
Aquarelas,73201,https://www.wikidata.org/wiki/Q110896465,"Pecci Filho, Antonio",32554
monochrome painting,73204,https://www.wikidata.org/wiki/Q846561,"Azzan, Maurizio",32555
creep,73209,https://www.wikidata.org/wiki/Q462188,Radiohead,18262
Running Out of Time,73210,https://www.wikidata.org/wiki/Q116783739,"Montalbetti, Mauro",25846
greenhouse gas,73211,https://www.wikidata.org/wiki/Q167336,"Buarque, Chico",32558
supercontinent,73217,https://www.wikidata.org/wiki/Q55833,"Anderson, Laurie",13818
children's music school,73224,https://www.wikidata.org/wiki/Q55008603,"Prokof'ev, Sergej",9627
Begone Dull Care,73225,https://www.wikidata.org/wiki/Q124661404,"Britten, Benjamin",31624
Tragic Story of a Factory Girl,73227,https://www.wikidata.org/wiki/Q11446422,"Britten, Benjamin",31624
cuckoo clock,73228,https://www.wikidata.org/wiki/Q155518,"Britten, Benjamin",31624
spacecraft,73229,https://www.wikidata.org/wiki/Q40218,"Britten, Benjamin",31624
The Golden Vanity,73230,https://www.wikidata.org/wiki/Q25217520,"Britten, Benjamin",31624
Square and Circle Club,73237,https://www.wikidata.org/wiki/Q106688946,"Janulyte, Juste",32735
sabotage,73238,https://www.wikidata.org/wiki/Q193518,"Troiani, Lorenzo",32736
The Seven Deadly Sins,73241,https://www.wikidata.org/wiki/Q533623,"Cenci, Stefano",10338
The Seven Deadly Sins,73241,https://www.wikidata.org/wiki/Q533623,"Pagliarini, Luigi",10428
The Seven Deadly Sins,73241,https://www.wikidata.org/wiki/Q533623,"Weill, Kurt",10367
The Seven Deadly Sins,73241,https://www.wikidata.org/wiki/Q533623,"Brecht, Bertolt",31623
Quartetto per archi op. 4 n. 1,73245,https://www.wikidata.org/wiki/Q3927149,"Haas, Georg Friedrich",32817
rust,73247,https://www.wikidata.org/wiki/Q184197,"Baldi, Zeno",32835
fermented tea,73250,https://www.wikidata.org/wiki/Q2542583,"Fanticini, Fabrizio",32877
continuum,73252,https://www.wikidata.org/wiki/Q1129025,"Bigliardi, Anna",10981
episode,73253,https://www.wikidata.org/wiki/Q1983062,"Cattaneo, Pier Alberto",32878
Tango,73254,https://www.wikidata.org/wiki/Q4346256,"Stravinskij, Igor'",9640
Roundsman System,73257,https://www.wikidata.org/wiki/Q7371263,"Berio, Luciano",10081
periodicity,73258,https://www.wikidata.org/wiki/Q443564,"Lombardi, Luca",23802
Songbook,73264,https://www.wikidata.org/wiki/Q7561236,"Franceschini, Matteo",28071
The Witchfire Trilogy Book Two: Shadow of the Exile,73265,https://www.wikidata.org/wiki/Q134429128,"Liberovici, Andrea",12836
birth control,73266,https://www.wikidata.org/wiki/Q122224,"Stockhausen, Karlheinz",9976
cross,73275,https://www.wikidata.org/wiki/Q40843,"Gubaidulina, Sofia",11357
towel,73299,https://www.wikidata.org/wiki/Q131696,"Marangoni, Gabriele",29374
top-to-bottom,73318,https://www.wikidata.org/wiki/Q17321917,"Costantini, Giacomo",33309
top-to-bottom,73318,https://www.wikidata.org/wiki/Q17321917,"Nova, Riccardo",12157
simple aromatic ring,73325,https://www.wikidata.org/wiki/Q716833,"Riley, Terry",11381
School of Rock,73331,https://www.wikidata.org/wiki/Q18758174,"Slater, Glenn",28799
School of Rock,73331,https://www.wikidata.org/wiki/Q18758174,"Lloyd Webber, Andrew",15385
School of Rock,73331,https://www.wikidata.org/wiki/Q18758174,"Fellowes, Julian",33384
Thaïs,73337,https://www.wikidata.org/wiki/Q1144467,"Massenet, Jules",9612
Thaïs,73337,https://www.wikidata.org/wiki/Q1144467,"Gallet, Louis",9699
occidental astrological sign,73366,https://www.wikidata.org/wiki/Q1795024,"Stockhausen, Karlheinz",9976
human capital flight,73369,https://www.wikidata.org/wiki/Q190222,"Filidei, Francesco",23081
human capital flight,73369,https://www.wikidata.org/wiki/Q190222,"Sarto, Andrea",26261
human capital flight,73369,https://www.wikidata.org/wiki/Q190222,"Venturini, Franco",26262
human capital flight,73369,https://www.wikidata.org/wiki/Q190222,"Azzan, Maurizio",32555
human capital flight,73369,https://www.wikidata.org/wiki/Q190222,"Ghisi, Daniele",33504
human capital flight,73369,https://www.wikidata.org/wiki/Q190222,"Momi, Marco",33545
prefecture of Greece,73383,https://www.wikidata.org/wiki/Q202595,"Bonazzo, Antonio",33555
prefecture of Greece,73383,https://www.wikidata.org/wiki/Q202595,"Capuzzo, Maura",33556
prefecture of Greece,73383,https://www.wikidata.org/wiki/Q202595,"Lanza, Sergio",33557
prefecture of Greece,73383,https://www.wikidata.org/wiki/Q202595,"Saldicco, Cesare",33558
prefecture of Greece,73383,https://www.wikidata.org/wiki/Q202595,"Vetrano, Roberto",33559
Angel wings,73394,https://www.wikidata.org/wiki/Q35056,"Battistelli, Giorgio",11067
Angel wings,73394,https://www.wikidata.org/wiki/Q35056,"Artaud, Antonin",22753
Radia tapes controversy,73418,https://www.wikidata.org/wiki/Q7280254,"Centazzo, Andrea",12267
Manteca colorá,73420,https://www.wikidata.org/wiki/Q6752009,"Centazzo, Andrea",12267
L'aquila e le colombe,73421,https://www.wikidata.org/wiki/Q109244515,"Centazzo, Andrea",12267
Missionary Impossible,73425,https://www.wikidata.org/wiki/Q134044921,"Centazzo, Andrea",12267
A Life for the Tsar,73430,https://www.wikidata.org/wiki/Q94737,"Glinka, Mikhail",9600
A Life for the Tsar,73430,https://www.wikidata.org/wiki/Q94737,"Rozen, Egor",34043
Nero,73431,https://www.wikidata.org/wiki/Q7071449,"Rubinštein, Anton",9925
Nero,73431,https://www.wikidata.org/wiki/Q7071449,"Barbier, Jules",9796
Il ballo delle ingrate,73450,https://www.wikidata.org/wiki/Q5996683,"Monteverdi, Claudio",9617
Il ballo delle ingrate,73450,https://www.wikidata.org/wiki/Q5996683,"Rinuccini, Ottavio",9843
pathogen transmission,73453,https://www.wikidata.org/wiki/Q525512,"Zavalloni, Cristina",17091
pathogen transmission,73453,https://www.wikidata.org/wiki/Q525512,"Bang, Jan",34254
organism,73456,https://www.wikidata.org/wiki/Q7239,"Bang, Jan",34254
radiance,73459,https://www.wikidata.org/wiki/Q1411145,"Arcelli, Cristiano",34251
Quartetto per archi op. 4 n. 1,73465,https://www.wikidata.org/wiki/Q3927149,"Katzer, Georg",32632
piano repertoire,73476,https://www.wikidata.org/wiki/Q7190204,"Ferrari, Maurizio",23080
solstice,73491,https://www.wikidata.org/wiki/Q123524,"Haas, Georg Friedrich",32817
repertoire,73492,https://www.wikidata.org/wiki/Q63525289,"Kagel, Mauricio",10996
lipstick,73495,https://www.wikidata.org/wiki/Q184191,Jacob TV,27787
greeting,73496,https://www.wikidata.org/wiki/Q45594,"Schubert, Alexander",34418
caravanserai,73498,https://www.wikidata.org/wiki/Q186347,"Beil, Michael",34419
Inferno,73508,https://www.wikidata.org/wiki/Q3150718,"De Rossi Re, Fabrizio",34469
Inferno,73508,https://www.wikidata.org/wiki/Q3150718,"Alighieri, Dante",11159
Paradiso,73510,https://www.wikidata.org/wiki/Q28229045,"Solbiati, Alessandro",34470
Paradiso,73510,https://www.wikidata.org/wiki/Q28229045,"Alighieri, Dante",11159
memory box,73512,https://www.wikidata.org/wiki/Q6815705,"Montalti, Vittorio",28923
part of a work,73515,https://www.wikidata.org/wiki/Q88392887,Anonimo medioevale,15973
unlimited atonement,73516,https://www.wikidata.org/wiki/Q10278710,"Franceschini, Matteo",28071
ASYCUDA,73517,https://www.wikidata.org/wiki/Q787129,"De André, Fabrizio",12797
Children's Corner,73534,https://www.wikidata.org/wiki/Q16633799,"Debussy, Claude",9594
La vida breve,73547,https://www.wikidata.org/wiki/Q733839,"De Falla, Manuel",20715
La vida breve,73547,https://www.wikidata.org/wiki/Q733839,"Shaw, Carlos Fernández",35015
sediment,73562,https://www.wikidata.org/wiki/Q180184,"Lorusso, Giulia",33507
Terzo concerto per orchestra,73572,https://www.wikidata.org/wiki/Q63527024,"Lutoslawski, Witold",11173
Versa est in luctum,73576,https://www.wikidata.org/wiki/Q11900999,"Lobo, Alonso",35233
mass for the dead,73578,https://www.wikidata.org/wiki/Q51616,"Victoria, Tomás Luis de",12398
The Turn of the Screw,73582,https://www.wikidata.org/wiki/Q464606,"Britten, Benjamin",31624
The Turn of the Screw,73582,https://www.wikidata.org/wiki/Q464606,"Piper, Myfanwy",35600
The Turn of the Screw,73582,https://www.wikidata.org/wiki/Q464606,"James, Henry",35601
We Will Rock You,73594,https://www.wikidata.org/wiki/Q1051695,"Elton, Ben",35677
Everybody’s Talking About Jamie,73595,https://www.wikidata.org/wiki/Q29831984,"Butterell, Jonathan",35699
Everybody’s Talking About Jamie,73595,https://www.wikidata.org/wiki/Q29831984,"Sells, Dan Gillespie",35697
Everybody’s Talking About Jamie,73595,https://www.wikidata.org/wiki/Q29831984,"Macrae, Tom",35698
The Jungle Book and Scouting,73596,https://www.wikidata.org/wiki/Q2198344,"Sollima, Giovanni",16841
The Jungle Book and Scouting,73596,https://www.wikidata.org/wiki/Q2198344,"Maestrini, Pierfrancesco",16847
The Magic Flute,73597,https://www.wikidata.org/wiki/Q5064,"Mozart, Wolfgang Amadeus",9618
apology,73624,https://www.wikidata.org/wiki/Q13197791,"Bussotti, Sylvano",10959
Speakon connector,73635,https://www.wikidata.org/wiki/Q776979,"Banti, Agnese",33278
Clasificarea Regnului Protozoa după Systema Naturae 2000,73636,https://www.wikidata.org/wiki/Q12724155,"Lanza, Mauro",23084
Clasificarea Regnului Protozoa după Systema Naturae 2000,73636,https://www.wikidata.org/wiki/Q12724155,"Valle, Andrea",36070
lighthouse,73656,https://www.wikidata.org/wiki/Q39715,"Bedford, David",36109
Jules Verne,73662,https://www.wikidata.org/wiki/Q109243833,"Battistelli, Giorgio",11067
The Seven Deadly Sins,73667,https://www.wikidata.org/wiki/Q533623,"Weill, Kurt",10367
The Seven Deadly Sins,73667,https://www.wikidata.org/wiki/Q533623,"Brecht, Bertolt",31623
Triodion Period,73668,https://www.wikidata.org/wiki/Q16681154,"Pärt, Arvo",10276
magnification,73670,https://www.wikidata.org/wiki/Q675287,"Pärt, Arvo",10276
...which was the son of,73672,https://www.wikidata.org/wiki/Q16418959,"Pärt, Arvo",10276
Mother Church,73676,https://www.wikidata.org/wiki/Q3674425,"Von Bingen, Hildegard",34471
"Alfred, Alfred",73677,https://www.wikidata.org/wiki/Q109242852,"Donatoni, Franco",10977
witchcraft,73680,https://www.wikidata.org/wiki/Q259745,"Beddini, Eleonora",27616
witchcraft,73680,https://www.wikidata.org/wiki/Q259745,"Vergassola, Dario",36315
Quartetto d'archi di Venezia,73683,https://www.wikidata.org/wiki/Q3927125,"Tailleferre, Germaine",36331
Quartetto per archi op. 4 n. 1,73694,https://www.wikidata.org/wiki/Q3927149,"Widmann, Jörg",25853
Der Schauspieldirektor,73719,https://www.wikidata.org/wiki/Q471810,"Mozart, Wolfgang Amadeus",9618
Der Schauspieldirektor,73719,https://www.wikidata.org/wiki/Q471810,"Stephanie, Johann Gottlob",9851
I quatro rusteghi,86937,https://www.wikidata.org/wiki/Q3791201,"Wolf-Ferrari, Ermanno",9643
I quatro rusteghi,86937,https://www.wikidata.org/wiki/Q3791201,"Pizzolato, Giuseppe",11069
I quatro rusteghi,86937,https://www.wikidata.org/wiki/Q3791201,"Goldoni, Carlo",9777
Fifth Sunday of Easter.,87757,https://www.wikidata.org/wiki/Q4165972,"Hassler, Hans Leo",23780
Sherlock Holmes television program,88158,https://www.wikidata.org/wiki/Q121438691,"Cecchi, Andrea",88149
Sherlock Holmes television program,88158,https://www.wikidata.org/wiki/Q121438691,"Solito, Enrico",88151
Sherlock Holmes television program,88158,https://www.wikidata.org/wiki/Q121438691,"Fusi, Alessio",88150
Sherlock Holmes television program,88158,https://www.wikidata.org/wiki/Q121438691,"Sardi, Andrea",88152
Tootsie,88187,https://www.wikidata.org/wiki/Q55636030,"Yazbek, David",27168
Tootsie,88187,https://www.wikidata.org/wiki/Q55636030,"Horn, Robert",88186
inner product space,88341,https://www.wikidata.org/wiki/Q214159,"ElSaffar, Amir",34430
inner product space,88341,https://www.wikidata.org/wiki/Q214159,"Bianchi Hoesch, Lorenzo",34680
The Tempest,88447,https://www.wikidata.org/wiki/Q7768334,"Purcell, Henry",9629
The Tempest,88447,https://www.wikidata.org/wiki/Q7768334,"Shadwell, Thomas",88448
The Tempest,88447,https://www.wikidata.org/wiki/Q7768334,"Shakespeare, William",10325
inner tube,88470,https://www.wikidata.org/wiki/Q2141634,"Faoro, Laura",33017
inner tube,88470,https://www.wikidata.org/wiki/Q2141634,"Pagliei, Lorenzo",28933
